{
  "type": "minecraft:delta_feature",
  "config": {
    "contents": {
      "Name": "minecraft:grass_block",
      "Properties": {
        "snowy": "false"
      }
    },
    "rim": {
      "Name": "minecraft:stone"
    },
    "size": {
      "type": "minecraft:uniform",
      "value": {
        "min_inclusive": 2,
        "max_inclusive": 6
      }
    },
    "rim_size": {
      "type": "minecraft:uniform",
      "value": {
        "min_inclusive": 0,
        "max_inclusive": 0
      }
    }
  }
}
