{
  "type": "minecraft:geode",
  "config": {
    "blocks": {
      "filling_provider": {
        "type": "minecraft:simple_state_provider",
        "state": {
          "Name": "minecraft:brain_coral_block"
        }
      },
      "inner_layer_provider": {
        "type": "minecraft:simple_state_provider",
        "state": {
          "Name": "minecraft:brain_coral_block"
        }
      },
      "alternate_inner_layer_provider": {
        "type": "minecraft:simple_state_provider",
        "state": {
          "Name": "minecraft:brain_coral_block"
        }
      },
      "middle_layer_provider": {
        "type": "minecraft:simple_state_provider",
        "state": {
          "Name": "minecraft:brain_coral_block"
        }
      },
      "outer_layer_provider": {
        "type": "minecraft:simple_state_provider",
        "state": {
          "Name": "minecraft:brain_coral_block"
        }
      },
      "inner_placements": [
        {
          "Name": "minecraft:brain_coral_block"
        }
      ],
      "cannot_replace": "#minecraft:features_cannot_replace",
      "invalid_blocks": "#minecraft:features_cannot_replace"
    },
    "layers": {
      "filling": 0.5,
      "inner_layer": 1,
      "middle_layer": 1.5,
      "outer_layer": 2
    },
    "crack": {
      "generate_crack_chance": 0,
      "base_crack_size": 0,
      "crack_point_offset": 0
    },
    "noise_multiplier": 0,
    "use_potential_placements_chance": 0,
    "use_alternate_layer0_chance": 0,
    "placements_require_layer0_alternate": false,
    "outer_wall_distance": {
      "type": "minecraft:uniform",
      "value": {
        "min_inclusive": 1,
        "max_inclusive": 3
      }
    },
    "distribution_points": {
      "type": "minecraft:uniform",
      "value": {
        "min_inclusive": 1,
        "max_inclusive": 2
      }
    },
    "point_offset": {
      "type": "minecraft:uniform",
      "value": {
        "min_inclusive": 1,
        "max_inclusive": 1
      }
    },
    "min_gen_offset": -5,
    "max_gen_offset": 5,
    "invalid_blocks_threshold": 1
  }
}
