{
  "type": "minecraft:geode",
  "config": {
    "blocks": {
      "filling_provider": {
        "type": "minecraft:simple_state_provider",
        "state": {
          "Name": "minecraft:soul_sand"
        }
      },
      "inner_layer_provider": {
        "type": "minecraft:simple_state_provider",
        "state": {
          "Name": "minecraft:soul_soil"
        }
      },
      "alternate_inner_layer_provider": {
        "type": "minecraft:simple_state_provider",
        "state": {
          "Name": "minecraft:air"
        }
      },
      "middle_layer_provider": {
        "type": "minecraft:simple_state_provider",
        "state": {
          "Name": "minecraft:mushroom_stem",
          "Properties": {
            "up": "true",
            "down": "true",
            "east": "true",
            "north": "true",
            "south": "true",
            "west": "true"
          }
        }
      },
      "outer_layer_provider": {
        "type": "minecraft:simple_state_provider",
        "state": {
          "Name": "minecraft:brown_mushroom_block",
          "Properties": {
            "up": "true",
            "down": "true",
            "east": "true",
            "north": "true",
            "south": "true",
            "west": "true"
          }
        }
      },
      "inner_placements": [
        {
          "Name": "minecraft:nether_wart"
        }
      ],
      "cannot_replace": "#minecraft:features_cannot_replace",
      "invalid_blocks": "#minecraft:geode_invalid_blocks"
    },
    "layers": {
      "filling": 1.3,
      "inner_layer": 2.1,
      "middle_layer": 3.4,
      "outer_layer": 5.6
    },
    "crack": {
      "generate_crack_chance": 0,
      "base_crack_size": 0,
      "crack_point_offset": 0
    },
    "noise_multiplier": 0,
    "use_potential_placements_chance": 0.35,
    "use_alternate_layer0_chance": 0.083,
    "placements_require_layer0_alternate": false,
    "outer_wall_distance": {
      "type": "minecraft:uniform",
      "value": {
        "min_inclusive": 1,
        "max_inclusive": 4
      }
    },
    "distribution_points": {
      "type": "minecraft:uniform",
      "value": {
        "min_inclusive": 2,
        "max_inclusive": 2
      }
    },
    "point_offset": 1,
    "min_gen_offset": -16,
    "max_gen_offset": 16,
    "invalid_blocks_threshold": 1
  }
}
