{
  "type": "minecraft:random_patch",
  "config": {
    "tries": 96,
    "xz_spread": 4,
    "y_spread": 3,
    "feature": {
      "feature": {
        "type": "minecraft:simple_block",
        "config": {
          "to_place": {
            "type": "minecraft:simple_state_provider",
            "state": {
              "Name": "minecraft:magma_block"
            }
          }
        }
      },
      "placement": [
        {
          "type": "minecraft:block_predicate_filter",
          "predicate": {
            "type": "minecraft:matching_blocks",
            "blocks": [
              "minecraft:smooth_basalt",
              "minecraft:netherrack",
              "minecraft:gravel",
              "minecraft:sand"
            ]
          }
        }
      ]
    }
  }
}
