{
  "type": "minecraft:random_patch",
  "config": {
    "tries": 64,
    "xz_spread": 7,
    "y_spread": 3,
    "feature": {
      "feature": {
        "type": "minecraft:simple_block",
        "config": {
          "to_place": {
            "type": "minecraft:weighted_state_provider",
            "entries": [
              {
                "weight": 1,
                "data": {
                  "Name": "minecraft:amethyst_cluster",
                  "Properties": {
                    "facing": "up",
                    "waterlogged": "true"
                  }
                }
              },
              {
                "weight": 1,
                "data": {
                  "Name": "minecraft:large_amethyst_bud",
                  "Properties": {
                    "facing": "up",
                    "waterlogged": "true"
                  }
                }
              },
              {
                "weight": 1,
                "data": {
                  "Name": "minecraft:medium_amethyst_bud",
                  "Properties": {
                    "facing": "up",
                    "waterlogged": "true"
                  }
                }
              },
              {
                "weight": 1,
                "data": {
                  "Name": "minecraft:small_amethyst_bud",
                  "Properties": {
                    "facing": "up",
                    "waterlogged": "true"
                  }
                }
              }
            ]
          }
        }
      },
      "placement": [
        {
          "type": "minecraft:block_predicate_filter",
          "predicate": {
            "type": "minecraft:all_of",
            "predicates": [
              {
                "type": "minecraft:matching_blocks",
                "blocks": "minecraft:water"
              },
              {
                "type": "minecraft:matching_block_tag",
                "offset": [
                  0,
                  -1,
                  0
                ],
                "tag": "nitdim:buried_ocean_seafloor"
              }
            ]
          }
        }
      ]
    }
  }
}
