{
  "type": "minecraft:tree",
  "config": {
    "ignore_vines": true,
    "force_dirt": true,
    "minimum_size": {
      "type": "minecraft:two_layers_feature_size",
      "min_clipped_height": 6,
      "limit": 12,
      "lower_size": 6,
      "upper_size": 12
    },
    "dirt_provider": {
      "type": "minecraft:simple_state_provider",
      "state": {
        "Name": "minecraft:dirt"
      }
    },
    "trunk_provider": {
      "type": "minecraft:simple_state_provider",
      "state": {
        "Name": "minecraft:oak_log",
        "Properties": {
          "axis": "y"
        }
      }
    },
    "foliage_provider": {
      "type": "minecraft:simple_state_provider",
      "state": {
        "Name": "minecraft:oak_leaves"
      }
    },
    "trunk_placer": {
      "type": "minecraft:straight_trunk_placer",
      "base_height": 4,
      "height_rand_a": 5,
      "height_rand_b": 6
    },
    "foliage_placer": {
      "type": "minecraft:blob_foliage_placer",
      "radius": 3,
      "offset": 1,
      "height": 3
    },
    "decorators": [
      {
        "type": "minecraft:leave_vine",
        "probability": 0.25
      }
    ]
  }
}
