{
  "replace": false,
  "values": [
   
    {"id": "minecraft:red_sand","required": false},
    {"id": "minecraft:red_sandstone","required": false},
    {"id": "minecraft:red_sandstone_slab","required": false},
    {"id": "minecraft:smooth_red_sandstone","required": false},
    {"id": "minecraft:smooth_red_sandstone_slab","required": false},
    {"id": "minecraft:chiseled_red_sandstone","required": false},
    {"id": "minecraft:cut_red_sandstone","required": false},
    {"id": "minecraft:cut_red_sandstone_slab","required": false},
    {"id": "#scorched:terracotta","required": false}

    ,
    {"id": "minecraft:red_sandstone_stairs","required": false},
    {"id": "minecraft:smooth_red_sandstone_stairs","required": false}

    
  ]
}
