[
    {
      "function": "minecraft:copy_nbt",
      "source": "this",
      "ops": [
        {
          "source": "Inventory[{tag:{ulg:{BackPack:{Opened:1b}}}}].tag.ulg.BackPack.CustomModelData",
          "target": "CustomModelData",
          "op": "replace"
        }
      ]
    },
    {
      "function": "minecraft:copy_nbt",
      "source": {
        "type": "minecraft:storage",
        "source": "ulg:backpack"
      },
      "ops": [
        {
          "source": "false",
          "target": "ulg.BackPack.Opened",
          "op": "replace"
        }
      ]
    },
    {
      "function": "minecraft:copy_nbt",
      "source": {
        "type": "minecraft:storage",
        "source": "ulg:backpack"
      },
      "ops": [
        {
          "source": "intick.BackPackInventory",
          "target": "ulg.BackPack.Inventory",
          "op": "replace"
        }
      ]
    }
  ]