{
  "type": "minecraft:disk",
  "config": {
    "state_provider": {
      "fallback": {
        "type": "minecraft:weighted_state_provider",
        "entries": [
          {
            "weight": 1,
            "data": {
              "Name": "minecraft:sand"
            }
          },
          {
            "weight": 3,
            "data": {
              "Name": "minecraft:grass_block"
            }
          }
        ]
      },
      "rules": []
    },
    "target": {
      "type": "minecraft:matching_block_tag",
      "tag": "scorched:oasis_grass_can_replace"
    },
    "radius": {
      "type": "minecraft:uniform",
      "value": {
        "min_inclusive": 2,
        "max_inclusive": 6
      }
    },
    "half_height": 1
  }
}
