{
  "type": "minecraft:random_patch",
  "config": {
    "tries": 96,
    "xz_spread": 8,
    "y_spread": 3,
    "feature": {
      "feature": {
        "type": "minecraft:simple_block",
        "config": {
          "to_place": {
            "type": "minecraft:weighted_state_provider",
            "entries": [
              {
                "weight": 1,
                "data": {
                  "Name": "minecraft:azalea"
                }
              },
              {
                "weight": 1,
                "data": {
                  "Name": "minecraft:flowering_azalea"
                }
              },
              {
                "weight": 2,
                "data": {
                  "Name": "minecraft:orange_tulip"
                }
              },
              {
                "weight": 2,
                "data": {
                  "Name": "minecraft:pink_tulip"
                }
              },
              {
                "weight": 2,
                "data": {
                  "Name": "minecraft:white_tulip"
                }
              },
              {
                "weight": 2,
                "data": {
                  "Name": "minecraft:allium"
                }
              },
              {
                "weight": 2,
                "data": {
                  "Name": "minecraft:lilac",
                  "Properties": {
                    "half": "lower"
                  }
                }
              },
              {
                "weight": 10,
                "data": {
                  "Name": "minecraft:tall_grass"
                }
              },
              {
                "weight": 40,
                "data": {
                  "Name": "minecraft:grass"
                }
              }
            ]
          }
        }
      },
      "placement": [
        {
          "type": "minecraft:block_predicate_filter",
          "predicate": {
            "type": "minecraft:matching_blocks",
            "blocks": "minecraft:air"
          }
        }
      ]
    }
  }
}
