{
  "type": "minecraft:command",
  "pools": [
    {
      "rolls": 1,
      "entries": [
        {
          "type": "minecraft:item",
          "name": "minecraft:written_book",
          "functions": [
            {
              "function": "minecraft:set_nbt",
              "tag": "{nitdim_bookAncient:1b,generation:3,pages: ['{\"text\":\"Elder Judge Syx: \\\\\"In the trial of King Drizen the Elder v. The Guardians of the Buried Ocean, I call this assembly at the Great Tower to order.\\\\\"\\\\n\\\\nSyx: \\\\\"Your majesty, you are charged with the crime of endangering your subjects, pollution,\"}', '{\"text\":\"and war crimes including military negligence. How do you plea?\\\\\"\\\\n\\\\nKing Drizen: \\\\\"Not guilty, your Elder.\\\\\"\\\\n\\\\nSyx: \\\\\"This court will now hear opening remarks from the prosecution, represented by Guardian Hane. The\"}', '{\"text\":\"water is yours.\\\\\"\"}'], title: \"Buried Histories Vol. I\", author: \"Unknown\"}"
            }
          ]
        }
      ]
    }
  ]
}
