{
  "type": "minecraft:command",
  "pools": [
    {
      "rolls": 1,
      "entries": [
        {
          "type": "minecraft:item",
          "name": "minecraft:written_book",
          "functions": [
            {
              "function": "minecraft:set_nbt",
              "tag": "{nitdim_bookObelisk:4b,generation:3,pages:['[\"\",{\"text\":\"Day 22\",\"underlined\":true},{\"text\":\"\\\\nDespite the research brought in from those teams in the Tempest, the Piglins of this dimensions appear quite stable in their clinging to life.\\\\nWe have attempted to recreate the situations for curing of the zombie plague, first by\",\"color\":\"reset\"}]','{\"text\":\"weakening them with potions, then by offering a Golden Apple. However, they absolutely refuse to consume golden foods, instead choosing to hoard it.\\\\nWe tried then, perhaps, strengthening them, and offering ordinary apples, as these can be\"}','{\"text\":\"found in the In Between where their transformation is gauranteed. Again, there was no change. Even proximity to our portal back from this world does not produce different results.\\\\nWe have opted to resort to more medieval forms of experimentation.\"}'],title:\"Obelisk Field Report #4\",author:Unknown}"
            }
          ]
        }
      ]
    }
  ]
}
