{
  "type": "minecraft:command",
  "pools": [
    {
      "rolls": 1,
      "entries": [
        {
          "type": "minecraft:item",
          "name": "minecraft:written_book",
          "functions": [
            {
              "function": "minecraft:set_nbt",
              "tag": "{nitdim_bookTown:1b,generation:3,pages:['{\"extra\":[{\"underlined\":true,\"text\":\"Thundsber 6th\"},{\"text\":\"\\\\nIt has been many years since I have breathed a sigh of relief. I admit I was wary at first, when that structure appeared from the glowing Phantom; nothing back home was safe or sacred, so there was no reason to suspect--to hope--that this would be.\"}],\"text\":\"\"}', '{\"extra\":[{\"text\":\"But ho, how much I would have given to feel hope again, and now on the otherside of that wonderous archway, I have it. The portal was wet and filmy, and yet stepping out of it, I became \"},{\"italic\":true,\"text\":\"dry\"},{\"text\":\" for the first time in my life. The clouds in the sky of this world, so sparse and white,\"}],\"text\":\"\"}'],author:\"Unknown\",title: \"Settler's Journal #1\",resolved:1b}"
            }
          ]
        }
      ]
    }
  ]
}
