{
  "type": "minecraft:command",
  "pools": [
    {
      "rolls": 1,
      "entries": [
        {
          "type": "minecraft:item",
          "name": "minecraft:written_book",
          "functions": [
            {
              "function": "minecraft:set_nbt",
              "tag": "{nitdim_bookTown:6b,generation:3,pages:['{\"extra\":[{\"underlined\":true,\"text\":\"Rainsuary 3rd\"},{\"text\":\"\\\\nWe came to this world, and for the first time, felt hope and peace. But the Tyrant took that from us--took everything from us. The others are beginning to lay out their plans; we will go through the other portals, to explore these new worlds. We\"}],\"text\":\"\"}', '{\"text\":\"must find a way to survive. A way to live again, to never lose another man, woman, or child to that immortal Wither. Regalli talks of stealing its immortality. I would be satisfied with replicating it.\\\\nIf my family must remain dead, then I will live forever with my\"}', '{\"text\":\"people to avenge them.\"}'],author:\"Unknown\",title: \"Settler's Journal #6\",resolved:1b}"
            }
          ]
        }
      ]
    }
  ]
}
