{
  "type": "minecraft:command",
  "pools": [
    {
      "rolls": 1,
      "entries": [
        {
          "type": "minecraft:item",
          "name": "minecraft:written_book",
          "functions": [
            {
              "function": "minecraft:set_nbt",
              "tag": "{nitdim_bookTown:5b,generation:3,pages:['{\"extra\":[{\"underlined\":true,\"text\":\"Rainsuary 1st\"},{\"text\":\"\\\\nIt took two months to erect a headstone for all of the dead. A battlefield graveyard, none marked. We could not tell the bones of the villagers from the invaders; their bones were all blackened and crumbling.\\\\nHundreds of us, from all across the\"}],\"text\":\"\"}', '{\"text\":\"In Between. And only a dozen left. We pushed back those horrible creatures, and that thing... That Tyrant. But Regalli believes it will be back.\\\\nWe will return to our village in the morning. I hope I can hold back my tears when I look into my daughter\\'s eyes again.\"}'],author:\"Unknown\",title: \"Settler's Journal #5\",resolved:1b}"
            }
          ]
        }
      ]
    }
  ]
}
