{
  "type": "minecraft:command",
  "pools": [
    {
      "rolls": 1,
      "entries": [
        {
          "type": "minecraft:item",
          "name": "minecraft:written_book",
          "functions": [
            {
              "function": "minecraft:set_nbt",
              "tag": "{nitdim_bookTown:4b,generation:3,pages:['{\"extra\":[{\"underlined\":true,\"text\":\"Bonesember 7th\"},{\"text\":\"\\\\nA messenger arrived late last night, carrying a haunting tale. Horrific machines of unknown stones and metals appeared suddenly in the sky above his settlement. Terrible, black skeletons slaughtered every living thing there, as pale squids bombarded\"}],\"text\":\"\"}', '{\"text\":\"the buildings from above. This attack--this invasion--eradicated the whole of the town. We must prepare once again to stands against evil.\\\\nHow I wish this world remained as peaceful as they day we arrived.\"}'],author:\"Unknown\", title: \"Settler's Journal #4\",resolved:1b}"
            }
          ]
        }
      ]
    }
  ]
}
