{
  "type": "minecraft:ore",
  "config": {
    "size": 32,
    "discard_chance_on_air_exposure": 0,
    "targets": [
      {
        "target": {
          "predicate_type": "minecraft:block_match",
          "block": "minecraft:basalt"
        },
        "state": {
          "Name": "minecraft:grass_block",
          "Properties": {
            "snowy": "false"
          }
        }
      },
      {
        "target": {
          "predicate_type": "minecraft:tag_match",
          "tag": "minecraft:ice"
        },
        "state": {
          "Name": "minecraft:grass_block",
          "Properties": {
            "snowy": "false"
          }
        }
      }
    ]
  }
}
