{
  "fallback": "minecraft:empty",
  "elements": [
    {
      "weight": 50,
      "element": {
        "element_type": "minecraft:single_pool_element",
        "projection": "rigid",
        "location": "lvillage:mobs/fish/cod",
        "processors": "minecraft:empty"
      }
    },
    {
      "weight": 5,
      "element": {
        "element_type": "minecraft:single_pool_element",
        "projection": "rigid",
        "location": "lvillage:mobs/fish/dolphin",
        "processors": "minecraft:empty"
      }
    },
    {
      "weight": 5,
      "element": {
        "element_type": "minecraft:single_pool_element",
        "projection": "rigid",
        "location": "lvillage:mobs/fish/pufferfish",
        "processors": "minecraft:empty"
      }
    },
    {
      "weight": 10,
      "element": {
        "element_type": "minecraft:single_pool_element",
        "projection": "rigid",
        "location": "lvillage:mobs/fish/salmon",
        "processors": "minecraft:empty"
      }
    },
    {
      "weight": 25,
      "element": {
        "element_type": "minecraft:single_pool_element",
        "projection": "rigid",
        "location": "lvillage:mobs/fish/tropical_fish",
        "processors": "minecraft:empty"
      }
    },
    {
      "weight": 5,
      "element": {
        "element_type": "minecraft:empty_pool_element"
      }
    }
  ]
}
