{
  "parent": "nitk:recipes/root",
  "display": {
    "icon": {
      "item": "minecraft:crafting_table"
    },
    "title": "Sawmill Crafting",
    "description": "Open a Site Planner with a Sawmill recipe.",
    "frame": "task",
    "show_toast": false,
    "announce_to_chat": false,
    "hidden": true
  },
  "rewards": {
    "function": "nitk:siteplanner/upgrades/init_sawmill"
  },
  "criteria": {
    "open-dropper": {
      "trigger": "minecraft:item_used_on_block",
      "conditions": {
        "location": [
          {
            "condition": "minecraft:location_check",
            "predicate": {
              "block": {
                "blocks": [
                  "minecraft:dropper"
                ],
                "nbt": "{Items:[{Slot:0b,id:\"minecraft:deepslate\",Count:16b},{Slot:1b,id:\"minecraft:copper_block\",Count:16b},{Slot:2b,id:\"minecraft:deepslate\",Count:16b},{Slot:3b,id:\"minecraft:oak_log\",Count:16b},{Slot:4b,id:\"minecraft:paper\",Count:4b,tag:{nitk_bankNote:1b}},{Slot:5b,id:\"minecraft:iron_ingot\",Count:12b},{Slot:6b,id:\"minecraft:andesite\",Count:8b},{Slot:7b,id:\"minecraft:diamond_axe\",Count:1b},{Slot:8b,id:\"minecraft:stonecutter\",Count:1b}]}"
              }
            }
          }
        ]
      }
    }
  }
}