{
  "parent": "nitk:nitk/root",
  "display": {
    "icon": {
      "item": "minecraft:stone_bricks"
    },
    "title": {
      "translate": "nitk.advancement.complete_castle",
      "fallback": "King of the Castle"
    },
    "description": {
      "translate": "nitk.advancement.complete_castle.desc",
      "fallback": "Complete a Castle with six wings."
    },
    "frame": "challenge",
    "show_toast": true,
    "announce_to_chat": true,
    "hidden": false
  },
  "rewards": {
    "experience": 500
  },
  "criteria": {
    "finish-castle": {
      "trigger": "minecraft:impossible"
    }
  }
}