{
  "parent": "nitk:nitk/dark_beacon",
  "display": {
    "icon": {
      "item": "minecraft:lectern"
    },
    "title": {
      "translate": "nitk.advancement.hamlet",
      "fallback": "Hamlet"
    },
    "description": {
      "translate": "nitk.advancement.hamlet.desc",
      "fallback": "Prepare your settlement for the Tyrant's arrival."
    },
    "frame": "task",
    "show_toast": true,
    "announce_to_chat": true,
    "hidden": false
  },
  "rewards": {
    "experience": 100
  },
  "criteria": {
    "siteplanner-8": {
      "trigger": "minecraft:impossible"
    }
  }
}