{
  "parent": "nitk:nitk/root",
  "display": {
    "icon": {
      "item": "minecraft:magma_block"
    },
    "title": {
      "translate": "nitk.advancement.town_hero",
      "fallback": "Town Hero"
    },
    "description": {
      "translate": "nitk.advancement.town_hero.desc",
      "fallback": "Close one of the Tyrant's Scout Portals."
    },
    "frame": "task",
	"background": "minecraft:textures/block/oak_planks.png",
    "show_toast": true,
    "announce_to_chat": true,
    "hidden": false
  },
  "rewards": {
    "experience": 100
  },
  "criteria": {
    "p_k_e-wither_skeleton": {
      "trigger": "minecraft:impossible"
    }
  }
}