{
    "type": "minecraft:entity",
    "pools": [
      {
        "rolls": 1,
        "entries": [
          {
            "type": "minecraft:item",
            "name": "minecraft:echo_shard",
            "functions": [
              {
                "function": "minecraft:set_count",
                "count": 1
              }
            ]
          }
        ],
        "conditions": [
          {
            "condition": "minecraft:random_chance",
            "chance": 0.4
          }
        ]
      },
      {
        "rolls": 1,
        "entries": [
          {
            "type": "minecraft:item",
            "name": "minecraft:echo_shard",
            "conditions": [
              {
                "condition": "minecraft:random_chance",
                "chance": 0.2
              }
            ]
          }
        ],
        "functions": [
          {
            "function": "minecraft:set_count",
            "count": 2,
            "conditions": [
              {
                "condition": "minecraft:random_chance",
                "chance": 0.5
              }
            ]
          }
        ]
      },
      {
        "rolls": 1,
        "entries": [
          {
            "type": "minecraft:item",
            "name": "minecraft:sculk"
          }
        ],
        "conditions": [
          {
            "condition": "minecraft:random_chance",
            "chance": 0.5
          }
        ]
      },
      {
        "rolls": 1,
        "entries": [
          {
            "type": "minecraft:item",
            "name": "minecraft:sculk_vein"
          }
        ],
        "conditions": [
          {
            "condition": "minecraft:random_chance",
            "chance": 0.5
          }
        ]
      }
    ]
  }
  
  