{
  "type": "minecraft:entity",      
  "pools": [
          {
            "rolls": 1,
            "entries": [
              {
                "type": "item",
                "weight": 1,
                "name": "minecraft:pink_dye",
                "functions": [
                  {
                    "function": "set_count",
                    "count": 1
                  },
                  {
                    "function": "set_nbt",
                    "tag": "{CustomModelData:13370006,Tags:[antler]}"
                  },
                  {
                    "function": "set_name",
                    "name": [
                      {
                        "text": "Warden's Antler",
                        "color": "dark_aqua",
                        "bold": false,
                        "italic": false
                      }
                    ]
                  },
                  {
                    "function": "set_lore",
                    "lore": [
                      {
                        "text": " ",
                        "color": "gray",
                        "italic": false
                      },
                      {
                        "text": "When held, you gain the",
                        "color": "gray",
                        "italic": false
                      },
                      {
                        "text": "echo-location power of",
                        "color": "gray",
                        "italic": false
                      },
                      {
                        "text": "the Warden. You can see",
                        "color": "gray",
                        "italic": false
                      },
                      {
                        "text": "mobs through blocks ahead of you",
                        "color": "gray",
                        "italic": false
                      }
                    ]
                  }
                ]
              }
            ]
          }
        ]
      }