{
    "display": {
      "icon": {
        "item": "minecraft:player_head",
        "nbt": "{SkullOwner:{Id:[I;-617609329,1490897422,-1127698747,-881369599],Properties:{textures:[{Value:\"eyJ0ZXh0dXJlcyI6eyJTS0lOIjp7InVybCI6Imh0dHA6Ly90ZXh0dXJlcy5taW5lY3JhZnQubmV0L3RleHR1cmUvZmY4Y2M5NGVhNmU3OWQxZDMzNDE0NmRiYTFiNjAxZWRkMjgwY2YzNTEwMGJkYzVkNTViMzg0NzRiZjA5NzdmYSJ9fX0=\"}]}}}"
      },
      "title": "Where did it go!?",
      "description": "Hurt an enderman skeleton",
      "background": "minecraft:textures/block/mud_bricks.png",
      "show_toast": true,
      "announce_to_chat": true,
      "hidden": false
    },
    "parent": "nmv:progression/root",
    "criteria": {
      "requirement": {
        "trigger": "minecraft:player_hurt_entity",
        "conditions": {
          "player": [
            {
              "condition": "minecraft:entity_properties",
              "entity": "this",
              "predicate": {}
            }
          ],
          "entity": {
            "nbt": "{Tags:[\"nmv_ender_skeleton\"]}"
          }
        }
      }
    }
  }
  