{
    "display": {
      "icon": {
        "item": "minecraft:player_head",
        "nbt": "{SkullOwner:{Id:[I;-617609329,1490897422,-1127698747,-881369599],Properties:{textures:[{Value:\"eyJ0ZXh0dXJlcyI6eyJTS0lOIjp7InVybCI6Imh0dHA6Ly90ZXh0dXJlcy5taW5lY3JhZnQubmV0L3RleHR1cmUvOWUzNzNiYTljNzIwYWRlZDZhODEwNDc4ZTVlNzRjN2Y3MDk2ODExYmY5YTNjMzkyM2RlOWI5OWVmOTkyY2MifX19\"}]}}}"
      },
      "title": "I've seen this one before",
      "description": "Kill a boo",
      "background": "minecraft:textures/block/mud_bricks.png",
      "show_toast": true,
      "announce_to_chat": true,
      "hidden": false
    },
    "parent": "nmv:progression/root",
    "criteria": {
      "requirement": {
        "trigger": "minecraft:player_killed_entity",
        "conditions": {
          "player": [
            {
              "condition": "minecraft:entity_properties",
              "entity": "this",
              "predicate": {}
            }
          ],
          "entity": {
            "nbt": "{Tags:[\"nmv_boo\"]}"
          }
        }
      }
    }
  }
  