{
    "display": {
      "icon": {
        "item": "minecraft:tnt"
        },
      "title": "KA-BOOM!!!",
      "description": "Kill a zombie bomber",
      "background": "minecraft:textures/block/mud_bricks.png",
      "show_toast": true,
      "announce_to_chat": true,
      "hidden": false
    },
    "parent": "nmv:progression/root",
    "criteria": {
      "requirement": {
        "trigger": "minecraft:player_killed_entity",
        "conditions": {
          "player": [
            {
              "condition": "minecraft:entity_properties",
              "entity": "this",
              "predicate": {}
            }
          ],
          "entity": {
            "nbt": "{Tags:[\"nmv_zombie_bomber\"]}"
          }
        }
      }
    }
  }
  