{
    "display": {
      "icon": {
        "item": "minecraft:player_head",
        "nbt": "{SkullOwner:{Id:[I;-617609329,1490897422,-1127698747,-881369599],Properties:{textures:[{Value:\"eyJ0ZXh0dXJlcyI6eyJTS0lOIjp7InVybCI6Imh0dHA6Ly90ZXh0dXJlcy5taW5lY3JhZnQubmV0L3RleHR1cmUvMTAzZWMzZTk3NDBmM2RmYzIyNDZjM2Y0ZWM5YzkzMWUxY2U1OGYwMjAxNGRjMmU1YjYzNzVmOTk3YTdjYTRhNSJ9fX0=\"}]}}}"
      },
      "title": "Slow and steady",
      "description": "Meet a slimey friend",
      "background": "minecraft:textures/block/mud_bricks.png",
      "show_toast": true,
      "announce_to_chat": true
    },
    "parent": "nmv:progression/root",
    "criteria": {
      "requirement": {
        "trigger": "minecraft:impossible",
        "conditions": {}
      }
    }
  }
  