{
    "display": {
      "icon": {
        "item": "minecraft:player_head",
        "nbt": "{SkullOwner:{Id:[I;-617609329,1490897422,-1127698747,-881369599],Properties:{textures:[{Value:\"eyJ0ZXh0dXJlcyI6eyJTS0lOIjp7InVybCI6Imh0dHA6Ly90ZXh0dXJlcy5taW5lY3JhZnQubmV0L3RleHR1cmUvYTk4ZjViYjdjMzYxMjA1NDY5YzliZDhlNzE1NDVhYjE4N2MwOGZjNDQ1ZTgzMzc4ZTc0MDQ2NDhlN2ZjMTM0ZSJ9fX0=\"}]}}}"
      },
      "title": "Eye-eye captain!",
      "description": "Summon a celestial watcher",
      "background": "minecraft:textures/block/mud_bricks.png",
      "show_toast": true,
      "announce_to_chat": true,
      "hidden": false
    },
    "parent": "nmv:progression/celestial_temple",
    "criteria": {
      "requirement": {
        "trigger": "minecraft:impossible",
        "conditions": {}
      }
    }
  }
  