{
    "type": "minecraft:command",
    "pools": [
      {
        "rolls": 1,
        "entries": [
          {
            "type": "minecraft:loot_table",
            "name": "nitk:items/building_permit"
          }
        ]
      },
      {
        "rolls": 5,
        "entries": [
          {
            "type": "minecraft:item",
            "name": "minecraft:charcoal",
            "functions": [
              {
                "function": "minecraft:set_count",
                "count": {
                  "min": 3,
                  "max": 5
                }
              }
            ]
          },
          {
            "type": "minecraft:item",
            "name": "minecraft:stone",
            "functions": [
              {
                "function": "minecraft:set_count",
                "count": {
                  "min": 12,
                  "max": 20
                }
              }
            ]
          },
          {
            "type": "minecraft:item",
            "name": "minecraft:oak_log",
            "functions": [
              {
                "function": "minecraft:set_count",
                "count": {
                  "min": 12,
                  "max": 20
                }
              }
            ]
          }
        ]
      }
    ]
  }
  