{
    "type": "minecraft:entity",
    "pools": [
      {
        "rolls": 1,
        "entries": [
          {
            "type": "minecraft:loot_table",
            "name": "nitk:items/building_permit"
          }
        ]
      },
      {
        "rolls": 1,
        "entries": [
          {
            "type": "minecraft:loot_table",
            "name": "minecraft:entities/wither"
          }
        ]
      },
      {
        "rolls": 2,
        "entries": [
          {
            "type": "minecraft:item",
            "name": "minecraft:diamond_helmet",
            "functions": [
              {
                "function": "minecraft:enchant_with_levels",
                "levels": {
                  "min": 15,
                  "max": 25
                }
              }
            ]
          },
          {
            "type": "minecraft:item",
            "name": "minecraft:diamond_chestplate",
            "functions": [
              {
                "function": "minecraft:enchant_with_levels",
                "levels": {
                  "min": 15,
                  "max": 25
                }
              }
            ]
          },
          {
            "type": "minecraft:item",
            "name": "minecraft:diamond_leggings",
            "functions": [
              {
                "function": "minecraft:enchant_with_levels",
                "levels": {
                  "min": 15,
                  "max": 25
                }
              }
            ]
          },
          {
            "type": "minecraft:item",
            "name": "minecraft:diamond_boots",
            "functions": [
              {
                "function": "minecraft:enchant_with_levels",
                "levels": {
                  "min": 15,
                  "max": 25
                }
              }
            ]
          },
          {
            "type": "minecraft:item",
            "name": "minecraft:diamond_sword",
            "functions": [
              {
                "function": "minecraft:enchant_with_levels",
                "levels": {
                  "min": 15,
                  "max": 25
                }
              }
            ]
          }
        ],
        "conditions": [
          {
            "condition": "minecraft:random_chance",
            "chance": 0.7
          }
        ]
      }
    ]
  }
  