{
    "fallback": "minecraft:empty",
    "elements": [
      {
        "weight": 10,
        "element": {
          "element_type": "minecraft:legacy_single_pool_element",
          "projection": "rigid",
          "location": "lvillage:mobs/raft/villager",
          "processors": {
            "processors": []
          }
        }
      },
      {
        "weight": 1,
        "element": {
          "element_type": "minecraft:legacy_single_pool_element",
          "projection": "rigid",
          "location": "lvillage:mobs/raft/nitwit",
          "processors": {
            "processors": []
          }
        }
      },
      {
        "weight": 1,
        "element": {
          "element_type": "minecraft:legacy_single_pool_element",
          "projection": "rigid",
          "location": "lvillage:mobs/raft/baby",
          "processors": {
            "processors": []
          }
        }
      },
      {
        "weight": 1,
        "element": {
          "element_type": "minecraft:empty_pool_element"
        }
      }
    ]
  }
  