{
	"name": "tbirds:village_wildwest/town_centers",
	"fallback": "minecraft:empty",
	"elements": [{
		"weight": 1,
		"element": {
			"location": "tbirds:village_wildwest/town_centers/home1",
			"processors": "minecraft:empty",
			"projection": "rigid",
			"element_type": "minecraft:single_pool_element"
		}
	},{
		"weight": 1,
		"element": {
			"location": "tbirds:village_wildwest/town_centers/towers1",
			"processors": "minecraft:empty",
			"projection": "rigid",
			"element_type": "minecraft:single_pool_element"
		}
	},{
		"weight": 1,
		"element": {
			"location": "tbirds:village_wildwest/town_centers/castel_villaged_loot",
			"processors": "minecraft:empty",
			"projection": "rigid",
			"element_type": "minecraft:single_pool_element"
		}
	}]
}