{
  "type": "minecraft:command",
  "pools": [
    {
      "rolls": 12,
      "entries": [
        {
          "type": "minecraft:loot_table",
          "name": "nitk:command/outpost/badlands",
          "conditions": [
            {
              "condition": "minecraft:reference",
              "name": "nitk:biome/badlands"
            }
          ]
        },
        {
          "type": "minecraft:loot_table",
          "name": "nitk:command/outpost/birch_forest",
          "conditions": [
            {
              "condition": "minecraft:reference",
              "name": "nitk:biome/birch_forest"
            }
          ]
        },
        {
          "type": "minecraft:loot_table",
          "name": "nitk:command/outpost/cherry_blossom",
          "conditions": [
            {
              "condition": "minecraft:reference",
              "name": "nitk:biome/cherry_blossom"
            }
          ]
        },
        {
          "type": "minecraft:loot_table",
          "name": "nitk:command/outpost/dark_forest",
          "conditions": [
            {
              "condition": "minecraft:reference",
              "name": "nitk:biome/dark_forest"
            }
          ]
        },
        {
          "type": "minecraft:loot_table",
          "name": "nitk:command/outpost/desert",
          "conditions": [
            {
              "condition": "minecraft:reference",
              "name": "nitk:biome/desert"
            }
          ]
        },
        {
          "type": "minecraft:loot_table",
          "name": "nitk:command/outpost/flower",
          "conditions": [
            {
              "condition": "minecraft:reference",
              "name": "nitk:biome/flower"
            }
          ]
        },
        {
          "type": "minecraft:loot_table",
          "name": "nitk:command/outpost/gravel",
          "conditions": [
            {
              "condition": "minecraft:reference",
              "name": "nitk:biome/gravel"
            }
          ]
        },
        {
          "type": "minecraft:loot_table",
          "name": "nitk:command/outpost/ice",
          "conditions": [
            {
              "condition": "minecraft:reference",
              "name": "nitk:biome/ice"
            }
          ]
        },
        {
          "type": "minecraft:loot_table",
          "name": "nitk:command/outpost/jungle",
          "conditions": [
            {
              "condition": "minecraft:reference",
              "name": "nitk:biome/jungle"
            }
          ]
        },
        {
          "type": "minecraft:loot_table",
          "name": "nitk:command/outpost/mangrove_swamp",
          "conditions": [
            {
              "condition": "minecraft:reference",
              "name": "nitk:biome/mangrove_swamp"
            }
          ]
        },
        {
          "type": "minecraft:loot_table",
          "name": "nitk:command/outpost/mountains",
          "conditions": [
            {
              "condition": "minecraft:reference",
              "name": "nitk:biome/mountains"
            }
          ]
        },
        {
          "type": "minecraft:loot_table",
          "name": "nitk:command/outpost/mushroom",
          "conditions": [
            {
              "condition": "minecraft:reference",
              "name": "nitk:biome/mushroom"
            }
          ]
        },
        {
          "type": "minecraft:loot_table",
          "name": "nitk:command/outpost/oak_forest",
          "conditions": [
            {
              "condition": "minecraft:reference",
              "name": "nitk:biome/oak_forest"
            }
          ]
        },
        {
          "type": "minecraft:loot_table",
          "name": "nitk:command/outpost/ocean",
          "conditions": [
            {
              "condition": "minecraft:reference",
              "name": "nitk:biome/ocean"
            }
          ]
        },
        {
          "type": "minecraft:loot_table",
          "name": "nitk:command/outpost/plains",
          "conditions": [
            {
              "condition": "minecraft:reference",
              "name": "nitk:biome/plains"
            }
          ]
        },
        {
          "type": "minecraft:loot_table",
          "name": "nitk:command/outpost/river",
          "conditions": [
            {
              "condition": "minecraft:reference",
              "name": "nitk:biome/river"
            }
          ]
        },
        {
          "type": "minecraft:loot_table",
          "name": "nitk:command/outpost/savanna",
          "conditions": [
            {
              "condition": "minecraft:reference",
              "name": "nitk:biome/savanna"
            }
          ]
        },
        {
          "type": "minecraft:loot_table",
          "name": "nitk:command/outpost/snow",
          "conditions": [
            {
              "condition": "minecraft:reference",
              "name": "nitk:biome/snow"
            }
          ]
        },
        {
          "type": "minecraft:loot_table",
          "name": "nitk:command/outpost/spruce_forest",
          "conditions": [
            {
              "condition": "minecraft:reference",
              "name": "nitk:biome/spruce_forest"
            }
          ]
        },
        {
          "type": "minecraft:loot_table",
          "name": "nitk:command/outpost/stone",
          "conditions": [
            {
              "condition": "minecraft:reference",
              "name": "nitk:biome/stone"
            }
          ]
        },
        {
          "type": "minecraft:loot_table",
          "name": "nitk:command/outpost/swamp",
          "conditions": [
            {
              "condition": "minecraft:reference",
              "name": "nitk:biome/swamp"
            }
          ]
        },
        {
          "type": "minecraft:loot_table",
          "name": "nitk:command/outpost/terralith/alpine",
          "conditions": [
            {
              "condition": "minecraft:reference",
              "name": "nitk:biome/terralith/alpine"
            }
          ]
        },
        {
          "type": "minecraft:loot_table",
          "name": "nitk:command/outpost/terralith/amethyst",
          "conditions": [
            {
              "condition": "minecraft:reference",
              "name": "nitk:biome/terralith/amethyst"
            }
          ]
        },
        {
          "type": "minecraft:loot_table",
          "name": "nitk:command/outpost/terralith/ancient_sands",
          "conditions": [
            {
              "condition": "minecraft:reference",
              "name": "nitk:biome/terralith/ancient_sands"
            }
          ]
        },
        {
          "type": "minecraft:loot_table",
          "name": "nitk:command/outpost/terralith/basalt_cliffs",
          "conditions": [
            {
              "condition": "minecraft:reference",
              "name": "nitk:biome/terralith/basalt_cliffs"
            }
          ]
        },
        {
          "type": "minecraft:loot_table",
          "name": "nitk:command/outpost/terralith/calcite",
          "conditions": [
            {
              "condition": "minecraft:reference",
              "name": "nitk:biome/terralith/calcite"
            }
          ]
        },
        {
          "type": "minecraft:loot_table",
          "name": "nitk:command/outpost/terralith/mud_savanna",
          "conditions": [
            {
              "condition": "minecraft:reference",
              "name": "nitk:biome/terralith/mud_savanna"
            }
          ]
        },
        {
          "type": "minecraft:loot_table",
          "name": "nitk:command/outpost/terralith/oasis",
          "conditions": [
            {
              "condition": "minecraft:reference",
              "name": "nitk:biome/terralith/oasis"
            }
          ]
        },
        {
          "type": "minecraft:loot_table",
          "name": "nitk:command/outpost/terralith/scarlet",
          "conditions": [
            {
              "condition": "minecraft:reference",
              "name": "nitk:biome/terralith/scarlet"
            }
          ]
        },
        {
          "type": "minecraft:loot_table",
          "name": "nitk:command/outpost/terralith/skylands",
          "conditions": [
            {
              "condition": "minecraft:reference",
              "name": "nitk:biome/terralith/skylands"
            }
          ]
        },
        {
          "type": "minecraft:loot_table",
          "name": "nitk:command/outpost/terralith/volcano",
          "conditions": [
            {
              "condition": "minecraft:reference",
              "name": "nitk:biome/terralith/volcano"
            }
          ]
        },
        {
          "type": "minecraft:loot_table",
          "name": "nitk:command/outpost/terralith/warped_mesa",
          "conditions": [
            {
              "condition": "minecraft:reference",
              "name": "nitk:biome/terralith/warped_mesa"
            }
          ]
        },
        {
          "type": "minecraft:loot_table",
          "name": "nitk:command/outpost/terralith/yellowstone",
          "conditions": [
            {
              "condition": "minecraft:reference",
              "name": "nitk:biome/terralith/yellowstone"
            }
          ]
        }
      ]
    }
  ]
}