{
  "parent": "nitk:adventure/ancient_city_quest",
  "criteria": {
    "criteria": {
      "trigger": "minecraft:location",
      "conditions": {
        "player": [
          {
            "condition": "minecraft:entity_properties",
            "entity": "this",
            "predicate": {
              "type_specific": {
                "type": "player",
                "advancements": {
                  "nitk:adventure/ancient_city_quest": true
                }
              },
              "location": {
                "structure": "minecraft:ancient_city"
              }
            }
          }
        ]
      }
    }
  },
  "rewards": {
    "function": "nitk:recurs/adventure/inform"
  }
}
