{
  "parent": "nitk:adventure/technical_location_quest",
  "display": {
    "icon": {
      "item": "minecraft:reinforced_deepslate"
    },
    "title": {
      "translate": "nitk.advancement.quest.ancient_city",
      "fallback": "Ancient City Quest"
    },
    "description": {
      "translate": "nitk.advancement.quest.ancient_city.desc",
      "fallback": "Find an Ancient City in the Deep Dark"
    },
    "frame": "goal",
    "show_toast": false,
    "announce_to_chat": false,
    "hidden": true
  },
  "criteria": {
    "criteria": {
      "trigger": "minecraft:impossible"
    }
  }
}
