{
  "parent": "nitk:adventure/cave_spider_quest",
  "criteria": {
    "criteria": {
      "trigger": "minecraft:player_killed_entity",
      "conditions": {
        "player": [
          {
            "condition": "minecraft:entity_properties",
            "entity": "this",
            "predicate": {
              "type_specific": {
                "type": "player",
                "advancements": {
                  "nitk:adventure/cave_spider_quest": true
                }
              }
            }
          }
        ],
        "entity": [
          {
            "condition": "minecraft:any_of",
            "terms": [
              {
                "condition": "minecraft:entity_properties",
                "entity": "this",
                "predicate": {
                  "type": "minecraft:cave_spider",
                  "location": {
                    "structure": "minecraft:mineshaft"
                  }
                }
              },{
                "condition": "minecraft:entity_properties",
                "entity": "this",
                "predicate": {
                  "type": "minecraft:cave_spider",
                  "location": {
                    "structure": "minecraft:mineshaft_mesa"
                  }
                }
              }
            ]
          }
        ]
      }
    }
  },
  "rewards": {
    "function": "nitk:recurs/adventure/inform"
  }
}
