{
  "parent": "nitk:adventure/technical_loot_quest",
  "display": {
    "icon": {
      "item": "minecraft:conduit"
    },
    "title": {
      "translate": "nitk.advancement.quest.conduit",
      "fallback": "Conduit Quest"
    },
    "description": {
      "translate": "nitk.advancement.quest.conduit.desc",
      "fallback": "Collect one Conduit"
    },
    "frame": "goal",
    "show_toast": false,
    "announce_to_chat": false,
    "hidden": true
  },
  "criteria": {
    "criteria": {
      "trigger": "minecraft:impossible"
    }
  }
}
