{
  "parent": "nitk:adventure/piglin_brute_quest",
  "criteria": {
    "criteria": {
      "trigger": "minecraft:player_killed_entity",
      "conditions": {
        "player": [
          {
            "condition": "minecraft:entity_properties",
            "entity": "this",
            "predicate": {
              "type_specific": {
                "type": "player",
                "advancements": {
                  "nitk:adventure/piglin_brute_quest": true
                }
              }
            }
          }
        ],
        "entity": [
          {
            "condition": "minecraft:entity_properties",
            "entity": "this",
            "predicate": {
              "type": "minecraft:piglin_brute",
              "location": {
                "structure": "minecraft:bastion_remnant"
              }
            }
          }
        ]
      }
    }
  },
  "rewards": {
    "function": "nitk:recurs/adventure/inform"
  }
}
