{
    "type": "minecraft:command",
    "pools": [
      {
        "rolls": 1,
        "entries": [
          {
            "type": "minecraft:item",
            "weight": 1,
            "name": "minecraft:acacia_log"
          },
          {
            "type": "minecraft:item",
            "weight": 1,
            "name": "minecraft:acacia_sapling"
          },
          {
            "type": "minecraft:loot_table",
            "weight": 1,
            "name": "nitk:entities/vanilla/sheep"
          },
          {
            "type": "minecraft:loot_table",
            "weight": 1,
            "name": "nitk:entities/vanilla/pig"
          },
          {
            "type": "minecraft:loot_table",
            "weight": 1,
            "name": "nitk:entities/vanilla/cow"
          },
          {
            "type": "minecraft:loot_table",
            "weight": 1,
            "name": "nitk:entities/vanilla/chicken"
          }
        ]
      }
    ]
  }
  