{
	"type": "chest",
	"pools": [{
		"rolls": 1,
		"entries": [{
			"type": "item",
			"name": "minecraft:emerald",
			"functions": [{
				"function": "set_count",
				"count": {
					"type": "binomial",
					"n": 10,
					"p": 0.5
				}
			}]
		}]
	},{
		"rolls": 1,
		"entries": [{
			"type": "item",
			"name": "minecraft:gold_ingot",
			"functions": [{
				"function": "set_count",
				"count": {
					"type": "binomial",
					"n": 10,
					"p": 0.3
				}
			}]
		}]
	},{
		"rolls": 1,
		"entries": [{
			"type": "item",
			"name": "minecraft:diamond",
			"functions": [{
				"function": "set_count",
				"count": {
					"type": "binomial",
					"n": 10,
					"p": 0.04
				}
			}]
		}]
	}]
}