{
  "type": "minecraft:command",
  "pools": [
    {
      "rolls": 1,
      "entries": [
        {
          "type": "minecraft:item",
          "name": "minecraft:written_book",
          "functions": [
            {
              "function": "minecraft:set_nbt",
              "tag": "{nitContractBook:1b,nit_particleType:2b,pages:['[\"\",{\"text\":\"\\\\n\\\\n\\\\n\\\\n\\\\n \\\\u0020 \\\\u0020 \\\\u0020 \"},{\"translate\":\"nitco.contract_book.contents\",\"fallback\":\" Start the\\\\n   counteroffensive!\",\"color\":\"dark_red\",\"clickEvent\":{\"action\":\"run_command\",\"value\":\"/trigger nitContract set 31\"},\"hoverEvent\":{\"action\":\"show_text\",\"contents\":[{\"translate\":\"nitk.contract_book.hover\",\"fallback\":\"THIS CANNOT BE UNDONE\"}]}}]'],title:\"War Strategy\",author:\"The Mayor\",ench:[{id:0,lvl:0}],HideFlags:1}"
            }
          ]
        }
      ]
    }
  ]
}
