{
  "type": "minecraft:random_patch",
  "config": {
    "tries": 96,
    "xz_spread": 7,
    "y_spread": 1,
    "feature": {
      "feature": {
        "type": "minecraft:random_selector",
        "config": {
          "features": [
            {
              "chance": 0.15,
              "feature": "nitdim:tempest/block_column/crimson_stem"
            },
            {
              "chance": 0.4,
              "feature": "nitdim:tempest/block_column/dark_oak_log"
            },
            {
              "chance": 0.15,
              "feature": "nitdim:tempest/block_column/stone"
            },
            {
              "chance": 0.1,
              "feature": "nitdim:tempest/block_column/infested_stone"
            },
            {
              "chance": 0.2,
              "feature": "nitdim:tempest/block_column/blackstone"
            },
            {
              "chance": 0.1,
              "feature": "nitdim:tempest/block_column/netherrack"
            }
          ],
          "default": "nitdim:tempest/block_column/crimson_stem"
        }
      },
      "placement": []
    }
  }
}
