{
    "pools": [
      {
        "rolls": 1,
        "entries": [
          {
            "type": "minecraft:item",
            "name": "minecraft:carrot_on_a_stick",
            "functions": [
              {
                "function": "minecraft:set_nbt",
                "tag": "{display:{Name:'{\"text\":\"Backpack\",\"italic\":false}'},ulg:{customitem:\"true\",BackPack:{Inventory:[],CustomModelData:822300,Opened:true}},ctc:{id:'backpack',from:'ulg:backpack',traits:{\"backpack\":1b,\"item\":1b}},CustomModelData:822300}"
              },
              {
                "function": "minecraft:copy_nbt",
                "source": {
                  "type": "minecraft:storage",
                  "source": "ulg:backpack"
                },
                "ops": [
                  {
                    "source": "intick.BackPackCustomModelData",
                    "target": "CustomModelData",
                    "op": "replace"
                  }
                ]
              },
              {
                "function": "minecraft:copy_nbt",
                "source": {
                  "type": "minecraft:storage",
                  "source": "ulg:backpack"
                },
                "ops": [
                  {
                    "source": "intick.BackPackInventory",
                    "target": "ulg.BackPack.Inventory",
                    "op": "replace"
                  }
                ]
              },
              {
                "function": "minecraft:copy_nbt",
                "source": {
                  "type": "minecraft:storage",
                  "source": "ulg:backpack"
                },
                "ops": [
                  {
                    "source": "intick.isLegacyBackpack",
                    "target": "ulg.isLegacyBackpack",
                    "op": "replace"
                  }
                ]
              },
              {
                "function": "minecraft:copy_nbt",
                "source": {
                  "type": "minecraft:storage",
                  "source": "ulg:backpack"
                },
                "ops": [
                  {
                    "source": "intick.BackPackDefaultCMD",
                    "target": "ulg.BackPack.CustomModelData",
                    "op": "replace"
                  }
                ]
              },
              {
                "function": "minecraft:copy_nbt",
                "source": {
                  "type": "minecraft:storage",
                  "source": "ulg:backpack"
                },
                "ops": [
                  {
                    "source": "intick.BackPackName",
                    "target": "display.Name",
                    "op": "replace"
                  }
                ]
              }
            ]
          }
        ]
      }
    ]
  }