{
    "condition": "minecraft:any_of",
    "terms": [
      {
        "condition": "minecraft:entity_properties",
        "entity": "this",
        "predicate": {
          "location": {
            "biome": "minecraft:birch_forest"
          }
        }
      },
      {
        "condition": "minecraft:entity_properties",
        "entity": "this",
        "predicate": {
          "location": {
            "biome": "minecraft:old_growth_birch_forest"
          }
        }
      },
      {
        "condition": "minecraft:entity_properties",
        "entity": "this",
        "predicate": {
          "location": {
            "biome": "minecraft:birch_taiga"
          }
        }
      }
    ]
  }
  