{
  "fallback": "lvillage:iced/terminators",
  "elements": [
    {
      "weight": 2,
      "element": {
        "element_type": "minecraft:single_pool_element",
        "projection": "rigid",
        "location": "lvillage:iced/streets/corner_1",
        "processors": "minecraft:empty"
      }
    },
    {
      "weight": 2,
      "element": {
        "element_type": "minecraft:single_pool_element",
        "projection": "rigid",
        "location": "lvillage:iced/streets/corner_2",
        "processors": "minecraft:empty"
      }
    },
    {
      "weight": 2,
      "element": {
        "element_type": "minecraft:single_pool_element",
        "projection": "rigid",
        "location": "lvillage:iced/streets/corner_3",
        "processors": "minecraft:empty"
      }
    },
    {
      "weight": 4,
      "element": {
        "element_type": "minecraft:single_pool_element",
        "projection": "rigid",
        "location": "lvillage:iced/streets/street_1",
        "processors": "minecraft:empty"
      }
    },
    {
      "weight": 4,
      "element": {
        "element_type": "minecraft:single_pool_element",
        "projection": "rigid",
        "location": "lvillage:iced/streets/street_2",
        "processors": "minecraft:empty"
      }
    },
    {
      "weight": 7,
      "element": {
        "element_type": "minecraft:single_pool_element",
        "projection": "rigid",
        "location": "lvillage:iced/streets/street_3",
        "processors": "minecraft:empty"
      }
    },
    {
      "weight": 7,
      "element": {
        "element_type": "minecraft:single_pool_element",
        "projection": "rigid",
        "location": "lvillage:iced/streets/street_4",
        "processors": "minecraft:empty"
      }
    },
    {
      "weight": 1,
      "element": {
        "element_type": "minecraft:single_pool_element",
        "projection": "rigid",
        "location": "lvillage:iced/streets/street_5",
        "processors": "minecraft:empty"
      }
    },
    {
      "weight": 3,
      "element": {
        "element_type": "minecraft:single_pool_element",
        "projection": "rigid",
        "location": "lvillage:iced/streets/street_6",
        "processors": "minecraft:empty"
      }
    },
    {
      "weight": 3,
      "element": {
        "element_type": "minecraft:single_pool_element",
        "projection": "rigid",
        "location": "lvillage:iced/streets/street_7",
        "processors": "minecraft:empty"
      }
    },
    {
      "weight": 2,
      "element": {
        "element_type": "minecraft:single_pool_element",
        "projection": "rigid",
        "location": "lvillage:iced/streets/crossroad_1",
        "processors": "minecraft:empty"
      }
    },
    {
      "weight": 1,
      "element": {
        "element_type": "minecraft:single_pool_element",
        "projection": "rigid",
        "location": "lvillage:iced/streets/crossroad_2",
        "processors": "minecraft:empty"
      }
    },
    {
      "weight": 2,
      "element": {
        "element_type": "minecraft:single_pool_element",
        "projection": "rigid",
        "location": "lvillage:iced/streets/crossroad_3",
        "processors": "minecraft:empty"
      }
    },
    {
      "weight": 2,
      "element": {
        "element_type": "minecraft:single_pool_element",
        "projection": "rigid",
        "location": "lvillage:iced/streets/crossroad_4",
        "processors": "minecraft:empty"
      }
    },
    {
      "weight": 2,
      "element": {
        "element_type": "minecraft:single_pool_element",
        "projection": "rigid",
        "location": "lvillage:iced/streets/crossroad_5",
        "processors": "minecraft:empty"
      }
    },
    {
      "weight": 2,
      "element": {
        "element_type": "minecraft:single_pool_element",
        "projection": "rigid",
        "location": "lvillage:iced/streets/crossroad_6",
        "processors": "minecraft:empty"
      }
    },
    {
      "weight": 3,
      "element": {
        "element_type": "minecraft:single_pool_element",
        "projection": "rigid",
        "location": "lvillage:iced/streets/square_1",
        "processors": "minecraft:empty"
      }
    },
    {
      "weight": 3,
      "element": {
        "element_type": "minecraft:single_pool_element",
        "projection": "rigid",
        "location": "lvillage:iced/streets/turn_1",
        "processors": "minecraft:empty"
      }
    }
  ]
}