{
  "elements": [
    {
      "element": {
        "element_type": "minecraft:single_pool_element",
        "location": "lvillage:pillaged/terminators/terminator_1",
        "processors": "minecraft:empty",
        "projection": "rigid"
      },
      "weight": 1
    },
    {
      "element": {
        "element_type": "minecraft:single_pool_element",
        "location": "lvillage:pillaged/terminators/terminator_2",
        "processors": "minecraft:empty",
        "projection": "rigid"
      },
      "weight": 1
    },
    {
      "element": {
        "element_type": "minecraft:single_pool_element",
        "location": "lvillage:pillaged/terminators/terminator_3",
        "processors": "minecraft:empty",
        "projection": "rigid"
      },
      "weight": 1
    } 
  ],
  "fallback": "minecraft:empty"
}