{
    "fallback": "minecraft:empty",
    "elements": [
      {
        "weight": 10,
        "element": {
          "element_type": "minecraft:legacy_single_pool_element",
          "projection": "rigid",
          "location": "lvillage:mobs/pillaged/villager",
          "processors": {
            "processors": []
          }
        }
      },
      {
        "weight": 4,
        "element": {
          "element_type": "minecraft:legacy_single_pool_element",
          "projection": "rigid",
          "location": "lvillage:mobs/pillaged/nitwit",
          "processors": {
            "processors": []
          }
        }
      },
      {
        "weight": 2,
        "element": {
          "element_type": "minecraft:legacy_single_pool_element",
          "projection": "rigid",
          "location": "lvillage:mobs/allay",
          "processors": {
            "processors": []
          }
        }
      },
      {
        "weight": 2,
        "element": {
          "element_type": "minecraft:legacy_single_pool_element",
          "projection": "rigid",
          "location": "lvillage:mobs/unarmed_pillager",
          "processors": {
            "processors": []
          }
        }
      },
      {
        "weight": 2,
        "element": {
          "element_type": "minecraft:empty_pool_element"
        }
      }
    ]
  }
  