{
  "parent": "nitk:recipes/root",
  "display": {
    "icon": {
      "item": "minecraft:crafting_table"
    },
    "title": "Castle Treasury Crafting",
    "description": "Open a Castle Planner with a Castle Treasury recipe.",
    "frame": "task",
    "show_toast": false,
    "announce_to_chat": false,
    "hidden": true
  },
  "rewards": {
    "function": "nitk:siteplanner/castleplanner/init_treasury"
  },
  "criteria": {
    "open-dropper": {
      "trigger": "minecraft:item_used_on_block",
      "conditions": {
        "location": [
          {
            "condition": "minecraft:location_check",
            "predicate": {
              "block": {
            "blocks": [
              "minecraft:dropper"
            ],
			"nbt":"{Items:[{Slot:0b,id:\"minecraft:stone\",Count:4b},{Slot:1b,id:\"minecraft:hopper\",Count:1b},{Slot:2b,id:\"minecraft:stone\",Count:4b},{Slot:3b,id:\"minecraft:stone\",Count:4b},{Slot:4b,id:\"minecraft:gold_ingot\",Count:12b},{Slot:5b,id:\"minecraft:stone\",Count:4b},{Slot:6b,id:\"minecraft:stone\",Count:8b},{Slot:7b,id:\"minecraft:chest\",Count:2b},{Slot:8b,id:\"minecraft:stone\",Count:8b}]}"
              }
            }
          }
        ]
      }
    }
  }
}