{
  "structures": [
    {
      "structure": "lvillage:village_iced",
      "weight": 10
    },
    {
      "structure": "lvillage:village_pillaged",
      "weight": 2
    },
    {
      "structure": "lvillage:village_prisma",
      "weight": 5
    },
    {
      "structure": "lvillage:village_raft",
      "weight": 10
    },
    {
      "structure": "lvillage:village_stoney",
      "weight": 10
    },
    {
      "structure": "lvillage:village_tradee",
      "weight": 5
    },
    {
      "structure": "lvillage:village_mossed",
      "weight": 10
    }
  ],
  "placement": {
    "type": "minecraft:random_spread",
    "salt": 10387312,
    "spacing": 42,
    "separation": 12
  }
}
