{
  "parent": "nitdim:nitdim/ach2.4",
  "display": {
    "icon": {
      "item": "minecraft:chiseled_red_sandstone"
    },
    "title": "The Imposing Obelisk",
    "description": "Explore the Illagers' Obelisk in the Primordial Desert.",
    "frame": "task",
	  "background": "minecraft:textures/block/oak_planks.png",
    "show_toast": true,
    "announce_to_chat": true,
    "hidden": false
  },
  "rewards": {
    "experience": 100
  },
  "criteria": {
    "location": {
      "trigger": "minecraft:location",
      "conditions": {
        "player": [
          {
            "condition": "minecraft:entity_properties",
            "entity": "this",
            "predicate": {
              "location": {
                "structure": "nitdim:primordial_desert/obelisk"
              }
            }
          }
        ]
      }
    }
  }
}