{
  "display": {
    "icon": {
      "item": "minecraft:written_book"
    },
    "title": "Advances in Technology",
    "description": "Collect all of the Field Reports from Obelisks in the Primordial Desert.",
    "background": "minecraft:textures/block/oak_planks.png",
    "frame": "task",
    "show_toast": true,
    "announce_to_chat": true,
    "hidden": false
  },
  "parent": "nitdim:nitdim/primordial_desert/obelisk",
  "criteria": {
    "book1": {
      "trigger": "minecraft:inventory_changed",
      "conditions": {
        "items": [
          {
            "item": "minecraft:written_book",
            "nbt": "{nitdim_bookObelisk:1b}"
          }
        ]
      }
    },
    "book2": {
      "trigger": "minecraft:inventory_changed",
      "conditions": {
        "items": [
          {
            "item": "minecraft:written_book",
            "nbt": "{nitdim_bookObelisk:2b}"
          }
        ]
      }
    },
    "book3": {
      "trigger": "minecraft:inventory_changed",
      "conditions": {
        "items": [
          {
            "item": "minecraft:written_book",
            "nbt": "{nitdim_bookObelisk:3b}"
          }
        ]
      }
    },
    "book4": {
      "trigger": "minecraft:inventory_changed",
      "conditions": {
        "items": [
          {
            "item": "minecraft:written_book",
            "nbt": "{nitdim_bookObelisk:4b}"
          }
        ]
      }
    },
    "book5": {
      "trigger": "minecraft:inventory_changed",
      "conditions": {
        "items": [
          {
            "item": "minecraft:written_book",
            "nbt": "{nitdim_bookObelisk:5b}"
          }
        ]
      }
    },
    "book6": {
      "trigger": "minecraft:inventory_changed",
      "conditions": {
        "items": [
          {
            "item": "minecraft:written_book",
            "nbt": "{nitdim_bookObelisk:6b}"
          }
        ]
      }
    }
  },
  "rewards": {
    "experience": 1000
  }
}