{
    "feature": "nitdim:in_between/cherry_tree_large",
    "placement": [
      {
        "type": "minecraft:block_predicate_filter",
        "predicate": {
          "type": "minecraft:all_of",
          "predicates": [
            {
              "type": "minecraft:matching_blocks",
              "blocks": [
                "minecraft:air",
                "minecraft:water"
              ]
            },
            {
              "type": "minecraft:matching_blocks",
              "offset": [
                0,
                -1,
                0
              ],
              "blocks": [
                "minecraft:grass_block",
                "minecraft:gravel",
                "minecraft:dirt",
                "minecraft:water"
              ]
            }
          ]
        }
      }
    ]
  }
  