{
  "condition": "minecraft:inverted",
  "term": {
    "condition": "minecraft:any_of",
    "terms": [
      {
        "condition": "minecraft:reference",
        "name": "nitdim:in_between"
      },
      {
        "condition": "minecraft:reference",
        "name": "nitdim:in_buried_ocean"
      },
      {
        "condition": "minecraft:reference",
        "name": "nitdim:in_primordial_desert"
      },
      {
        "condition": "minecraft:reference",
        "name": "nitdim:in_tempest"
      }
    ]
  }
}
