{
  "type": "minecraft:add",
  "argument1": {
    "type": "minecraft:mul",
    "argument1": 4.0,
    "argument2": {
      "type": "minecraft:quarter_negative",
      "argument": {
        "type": "minecraft:mul",
        "argument1": {
          "type": "minecraft:add",
          "argument1": "minecraft:overworld/depth",
          "argument2": {
            "type": "minecraft:mul",
            "argument1": "nitdim:buried_ocean/jaggedness",
            "argument2": {
              "type": "minecraft:half_negative",
              "argument": {
                "type": "minecraft:noise",
                "noise": "minecraft:jagged",
                "xz_scale": 1500.0,
                "y_scale": 0.0
              }
            }
          }
        },
        "argument2": "nitdim:buried_ocean/factor"
      }
    }
  },
  "argument2": "nitdim:buried_ocean/base_3d_noise"
}