{
    "name": "scorching:desert_well/shaft_small",
    "fallback": "minecraft:empty",
    "elements": [
      {
        "weight": 1,
        "element": {
          "element_type": "minecraft:single_pool_element",
          "projection": "rigid",
          "location": "scorched:desert_well/shaft_small_1",
          "processors": "scorched:shaft_desert"
        }
      },
      {
        "weight": 1,
        "element": {
          "element_type": "minecraft:single_pool_element",
          "projection": "rigid",
          "location": "scorched:desert_well/shaft_small_2",
          "processors": "scorched:shaft_desert"
        }
      },
      {
        "weight": 1,
        "element": {
          "element_type": "minecraft:single_pool_element",
          "projection": "rigid",
          "location": "scorched:desert_well/shaft_small_3",
          "processors": "scorched:shaft_desert"
        }
      }
    ]
  }
  