{
  "parent": "nitk:recipes/root",
  "display": {
    "icon": {
      "item": "minecraft:crafting_table"
    },
    "title": "Villager Housing Crafting",
    "description": "L = Oak Log\nS = Stone\nQ = Building Permit\nE = Emerald\nW = White Wool\nLx8  | Ex4 | Lx8\nLx16 |  Q  | Lx16\nSx24 | Wx12 | Sx24",
    "frame": "task",
    "show_toast": false,
    "announce_to_chat": false,
    "hidden": true
  },
  "rewards": {
    "function": "nitk:siteplanner/init_villagerhuts"
  },
  "criteria": {
    "open-dropper": {
      "trigger": "minecraft:item_used_on_block",
      "conditions": {
        "location": [
          {
            "condition": "minecraft:location_check",
            "predicate": {
              "block": {
                  "blocks": [
                    "minecraft:dropper"
                  ],
                  "nbt": "{Items:[{Slot:0b,id:\"minecraft:oak_log\",Count:8b},{Slot:1b,id:\"minecraft:emerald\",Count:4b},{Slot:2b,id:\"minecraft:oak_log\",Count:8b},{Slot:3b,id:\"minecraft:oak_log\",Count:16b},{Slot:4b,id:\"minecraft:paper\",Count:1b,tag:{nitk_buildingPermit:1b}},{Slot:5b,id:\"minecraft:oak_log\",Count:16b},{Slot:6b,id:\"minecraft:stone\",Count:24b},{Slot:7b,id:\"minecraft:white_wool\",Count:12b},{Slot:8b,id:\"minecraft:stone\",Count:24b}]}"
              }
            }
          }
        ]
      }
    }
  }
}