{
  "parent": "nitk:recipes/root",
  "display": {
    "icon": {
      "item": "minecraft:crafting_table"
    },
    "title": "Farm Plot Crafting",
    "description": "Open a Site Planner with a Farm Plot recipe.",
    "frame": "task",
    "show_toast": false,
    "announce_to_chat": false,
    "hidden": true
  },
  "rewards": {
    "function": "nitk:siteplanner/init_farmplot"
  },
  "criteria": {
    "open-dropper": {
      "trigger": "minecraft:item_used_on_block",
      "conditions": {
        "location": [
          {
            "condition": "minecraft:location_check",
            "predicate": {
              "block": {
                  "blocks": [
                    "minecraft:dropper"
                  ],
                  "nbt": "{Items:[{Slot:0b,id:\"minecraft:wheat_seeds\",Count:12b},{Slot:1b,id:\"minecraft:iron_hoe\",Count:1b},{Slot:2b,id:\"minecraft:carrot\",Count:12b},{Slot:3b,id:\"minecraft:oak_log\",Count:12b},{Slot:4b,id:\"minecraft:paper\",Count:1b,tag:{nitk_buildingPermit:1b}},{Slot:5b,id:\"minecraft:oak_log\",Count:12b},{Slot:6b,id:\"minecraft:stone\",Count:4b},{Slot:7b,id:\"minecraft:water_bucket\",Count:1b},{Slot:8b,id:\"minecraft:stone\",Count:4b}]}"
              }
            }
          }
        ]
      }
    }
  }
}