{
  "type": "minecraft:spline",
  "spline": {
    "coordinate": "minecraft:overworld/continents",
    "points": [
      {
        "location": 0,
        "derivative": 0,
        "value": 0
      },
      {
        "location": 0,
        "derivative": 0,
        "value": 0.6
      },
      {
        "location": 0,
        "derivative": 0,
        "value": 0
      },
      {
        "location": 0,
        "derivative": 0,
        "value": -0.4
      },
      {
        "location": 0,
        "derivative": 0,
        "value": -0.1
      },
      {
        "location": 0,
        "derivative": 0,
        "value": 0
      }
    ]
  }
}
