{
    "display": {
      "icon": {
        "item": "minecraft:crafting_table"
      },
      "title": {
        "translate": "advancements.norse_adventure.recipes.root.title"
      },
      "description": {
        "translate": "advancements.norse_adventure.recipes.root.description"
      },
      "background": "minecraft:textures/block/oak_planks.png",
      "show_toast": false,
      "announce_to_chat": false,
      "hidden": false,
      "frame": "goal"
    },
    "criteria": {
      "requirement": {
        "trigger": "minecraft:tick"
      }
    }
  }
  