{
  "elements": [
    {
      "element": {
        "element_type": "minecraft:legacy_single_pool_element",
        "location": "lvillage:tradee/terminators/terminator_1",
        "processors": "minecraft:empty",
        "projection": "terrain_matching"
      },
      "weight": 1
    },
    {
      "element": {
        "element_type": "minecraft:legacy_single_pool_element",
        "location": "lvillage:tradee/terminators/terminator_2",
        "processors": "minecraft:empty",
        "projection": "terrain_matching"
      },
      "weight": 1
    },
    {
      "element": {
        "element_type": "minecraft:legacy_single_pool_element",
        "location": "lvillage:tradee/terminators/terminator_3",
        "processors": "minecraft:empty",
        "projection": "terrain_matching"
      },
      "weight": 1
    } 
  ],
  "fallback": "minecraft:empty"
}