{ "pools": [{
	"rolls": {
		"type": "uniform",
		"min": 1,
		"max": 3
	},
	"entries": [{
		"type": "item",
		"name": "minecraft:potion",
		"weight": 1,
		"functions": [{
			"function": "set_name",
			"name": {
				"text": "Strawberry Daquiri",
				"italic": false
			}
		},{
			"function": "set_nbt",
			"tag": "{custom_potion_effects:[{id:\"minecraft:speed\",duration:300},{id:\"minecraft:weakness\",duration:300}],CustomPotionColor:16744652,HideFlags:32}"
		}]
	},{
		"type": "item",
		"name": "minecraft:potion",
		"weight": 1,
		"functions": [{
			"function": "set_name",
			"name": {
				"text": "Piña Colada",
				"italic": false
			}
		},{
			"function": "set_nbt",
			"tag": "{custom_potion_effects:[{id:\"minecraft:speed\",duration:300},{id:\"minecraft:weakness\",duration:300}],CustomPotionColor:16766842,HideFlags:32}"
		}]
	},{
		"type": "item",
		"name": "minecraft:potion",
		"weight": 1,
		"functions": [{
			"function": "set_name",
			"name": {
				"text": "Margarita",
				"italic": false
			}
		},{
			"function": "set_nbt",
			"tag": "{custom_potion_effects:[{id:\"minecraft:speed\",duration:300},{id:\"minecraft:weakness\",duration:300}],CustomPotionColor:12189572,HideFlags:32}"
		}]
	}]
}]}