{
    "name": "scorching:desert_well/shaft_medium",
    "fallback": "minecraft:empty",
    "elements": [
      {
        "weight": 1,
        "element": {
          "element_type": "minecraft:single_pool_element",
          "projection": "terrain_matching",
          "location": "scorched:sandcrab/spawn1",
          "processors": "minecraft:empty"
        }
      },
      {
        "weight": 1,
        "element": {
          "element_type": "minecraft:single_pool_element",
          "projection": "terrain_matching",
          "location": "scorched:sandcrab/spawn2",
          "processors": "minecraft:empty"
        }
      },
      {
        "weight": 1,
        "element": {
          "element_type": "minecraft:single_pool_element",
          "projection": "terrain_matching",
          "location": "scorched:sandcrab/spawn3",
          "processors": "minecraft:empty"
        }
      },
      {
        "weight": 1,
        "element": {
          "element_type": "minecraft:single_pool_element",
          "projection": "terrain_matching",
          "location": "scorched:sandcrab/spawn4",
          "processors": "minecraft:empty"
        }
      },
      {
        "weight": 1,
        "element": {
          "element_type": "minecraft:single_pool_element",
          "projection": "terrain_matching",
          "location": "scorched:sandcrab/spawn5",
          "processors": "minecraft:empty"
        }
      }
    ]
  }
  