{
  "parent": "nitk:recipes/recipe_railway",
  "display": {
    "icon": {
      "item": "minecraft:crafting_table"
    },
    "title": "Decline Rail Crafting",
    "description": "Open a Rail Planner with a Decline Rail recipe.",
    "frame": "task",
    "show_toast": false,
    "announce_to_chat": false,
    "hidden": true
  },
  "rewards": {
    "function": "nitk:siteplanner/railway/init_rail_ramp_down"
  },
  "criteria": {
    "open-dropper": {
      "trigger": "minecraft:item_used_on_block",
      "conditions": {
        "location": [
          {
            "condition": "minecraft:location_check",
            "predicate": {
              "block": {
                "blocks": [
                  "minecraft:dropper"
                ],
                "nbt": "{Items:[{Slot:0b,id:\"minecraft:iron_ingot\",Count:2b},{Slot:1b,id:\"minecraft:stone\",Count:4b},{Slot:2b,id:\"minecraft:redstone\",Count:4b},{Slot:3b,id:\"minecraft:oak_log\",Count:4b},{Slot:4b,id:\"minecraft:iron_ingot\",Count:2b},{Slot:5b,id:\"minecraft:stone\",Count:4b},{Slot:6b,id:\"minecraft:redstone\",Count:4b},{Slot:7b,id:\"minecraft:oak_log\",Count:4b},{Slot:8b,id:\"minecraft:iron_ingot\",Count:2b}]}"
              }
            }
          }
        ]
      }
    }
  }
}