{
  "type": "nitdim:primordial_desert",
  "generator": {
    "type": "minecraft:noise",
    "settings": "nitdim:primordial_desert",
    "biome_source": {
      "type": "minecraft:multi_noise",
      "biomes": [
        {
          "biome": "nitdim:primordial_desert/desert",
          "parameters": {
            "temperature": 0,
            "humidity": 0,
            "continentalness": 0,
            "erosion": 0,
            "weirdness": 0,
            "depth": [
              0,
              1
            ],
            "offset": 0
          }
        },
        {
          "biome": "nitdim:primordial_desert/tar_pits",
          "parameters": {
            "temperature": 0.6,
            "humidity": 0.6,
            "continentalness": 0,
            "erosion": 0,
            "weirdness": 0.5,
            "depth": [
              0,
              0.2
            ],
            "offset": 0.4
          }
        },
        {
          "biome": "nitdim:primordial_desert/painted_desert",
          "parameters": {
            "temperature": 0.3,
            "humidity": -0.3,
            "continentalness": 0,
            "erosion": 0,
            "weirdness": 0,
            "depth": [
              0,
              0.2
            ],
            "offset": 0
          }
        },
        {
          "biome": "nitdim:primordial_desert/oasis",
          "parameters": {
            "temperature": -0.6,
            "humidity": 0.6,
            "continentalness": 0,
            "erosion": 0,
            "weirdness": 0.5,
            "depth": [
              0,
              0.5
            ],
            "offset": 0.35
          }
        },
        {
          "biome": "nitdim:primordial_desert/painted_desert",
          "parameters": {
            "temperature": 0.1,
            "humidity": -0.3,
            "continentalness": 0,
            "erosion": 0,
            "weirdness": 0.3,
            "depth": [
              0,
              1
            ],
            "offset": 0
          }
        },
        {
          "biome": "nitdim:primordial_desert/volcanic_zone",
          "parameters": {
            "temperature": 0.3,
            "humidity": -0.2,
            "continentalness": 0,
            "erosion": 0,
            "weirdness": 0.3,
            "depth": [
              0.75,
              2
            ],
            "offset": 0
          }
        },
        {
          "biome": "nitdim:primordial_desert/crystal_caves",
          "parameters": {
            "temperature": -0.2,
            "humidity": 0.3,
            "continentalness": 0,
            "erosion": 0,
            "weirdness": 0.3,
            "depth": [
              0.75,
              1.5
            ],
            "offset": 0.4
          }
        },
        {
          "biome": "nitdim:primordial_desert/catacombs",
          "parameters": {
            "temperature": -0.5,
            "humidity": -0.5,
            "continentalness": 0,
            "erosion": 0,
            "weirdness": 0.3,
            "depth": [
              0.75,
              2
            ],
            "offset": 0.6
          }
        }
      ]
    }
  }
}
