{
  "type": "nitdim:tempest",
  "generator": {
    "type": "minecraft:noise",
    "settings": "nitdim:tempest",
    "biome_source": {
      "type": "minecraft:multi_noise",
      "biomes": [
        {
          "biome": "nitdim:tempest/lightning_fields",
          "parameters": {
            "temperature": 0.1,
            "humidity": 0,
            "continentalness": 0,
            "erosion": 0,
            "weirdness": 0,
            "depth": [
              0,
              0.3
            ],
            "offset": 0
          }
        },
        {
          "biome": "nitdim:tempest/hailing_wood",
          "parameters": {
            "temperature": -0.3,
            "humidity": -0.2,
            "continentalness": 0,
            "erosion": 0,
            "weirdness": 0,
            "depth": [
              0,
              0.3
            ],
            "offset": 0
          }
        },
        {
          "biome": "nitdim:tempest/forboding_wood",
          "parameters": {
            "temperature": 0,
            "humidity": 0.4,
            "continentalness": 0,
            "erosion": 0,
            "weirdness": 0,
            "depth": [
              -0.45,
              0.3
            ],
            "offset": 0.2
          }
        },
        {
          "biome": "nitdim:tempest/glacial_wall",
          "parameters": {
            "temperature": -0.5,
            "humidity": -0.4,
            "continentalness": 0,
            "erosion": 0,
            "weirdness": 0,
            "depth": [
              -1,
              0
            ],
            "offset": 0.2
          }
        },
        {
          "biome": "nitdim:tempest/stockpile",
          "parameters": {
            "temperature": 0.5,
            "humidity": -0.8,
            "continentalness": 0,
            "erosion": 0,
            "weirdness": 0.5,
            "depth": [
              -0.5,
              0
            ],
            "offset": 0.5
          }
        },
        {
          "biome": "nitdim:tempest/stricken_summit",
          "parameters": {
            "temperature": 0.05,
            "humidity": [
              0,
              0.4
            ],
            "continentalness": 0,
            "erosion": 0,
            "weirdness": 0,
            "depth": -0.375,
            "offset": 0
          }
        },
        {
          "biome": "nitdim:tempest/slimy_reservoir",
          "parameters": {
            "temperature": 0.3,
            "humidity": 0.5,
            "continentalness": 0,
            "erosion": 0,
            "weirdness": 0.3,
            "depth": 0.65,
            "offset": 0
          }
        }
      ]
    }
  }
}
