{
    "display": {
      "icon": {
        "item": "minecraft:stone"
      },
      "title": "",
      "description": "",
      "show_toast": false,
      "announce_to_chat": false,
      "hidden": true
    },
    "criteria": {
      "requirement": {
        "trigger": "minecraft:used_ender_eye",
        "conditions": {
          "player": [
            {
              "condition": "minecraft:entity_properties",
              "entity": "this",
              "predicate": {
                "equipment": {
                  "mainhand": {
                    "nbt": "{nmv:celestial_heal}"
                  }
                }
              }
            }
          ]
        }
      }
    },
    "rewards": {
      "function": "nmv:boss/eye/celestial_heal_spawn"
    }
  }
  