{
    "display": {
      "icon": {
        "item": "minecraft:stone"
      },
      "title": "",
      "description": "",
      "show_toast": false,
      "announce_to_chat": false,
      "hidden": true
    },
    "criteria": {
      "requirement": {
        "trigger": "minecraft:player_hurt_entity",
        "conditions": {
          "player": [
            {
              "condition": "minecraft:entity_properties",
              "entity": "this",
              "predicate": {}
            }
          ],
          "entity": {
            "type": "minecraft:sheep",
            "nbt": "{Tags:[\"nmv_jeb\"],CustomName:'{\"text\":\"jeb_\"}'}"
          }
        }
      }
    },
    "rewards": {
      "function": "nmv:friendly/jebsheep"
    }
  }
  