{
  "type": "minecraft:chest",
  "pools": [
    {
      "rolls": 1,
      "entries": [
        {
          "type": "minecraft:loot_table",
          "weight": 4,
          "name": "nitdim:items/books/ancient_book_2"
        },
        {
          "type": "minecraft:loot_table",
          "weight": 2,
          "name": "nitdim:items/books/ancient_book_3"
        }
      ]
    },
    {
      "rolls": {
        "type": "minecraft:uniform",
        "min": 12,
        "max": 18
      },
      "entries": [
        {
          "type": "minecraft:item",
          "weight": 1,
          "name": "minecraft:ancient_debris"
        },
        {
          "type": "minecraft:item",
          "weight": 15,
          "name": "minecraft:prismarine"
        },
        {
          "type": "minecraft:item",
          "weight": 11,
          "name": "minecraft:sea_lantern"
        },
        {
          "type": "minecraft:item",
          "weight": 10,
          "name": "minecraft:dark_prismarine"
        },
        {
          "type": "minecraft:item",
          "weight": 7,
          "name": "minecraft:prismarine_shard"
        },
        {
          "type": "minecraft:item",
          "weight": 4,
          "name": "minecraft:diamond"
        },
        {
          "type": "minecraft:item",
          "weight": 3,
          "name": "minecraft:emerald"
        },
        {
          "type": "minecraft:alternatives",
          "children": [
            {
              "type": "minecraft:item",
              "weight": 8,
              "name": "minecraft:potion",
              "functions": [
                {
                  "function": "minecraft:set_nbt",
                  "tag": "{Potion: \"minecraft:long_night_vision\"}"
                }
              ],
              "conditions": [
                {
                  "condition": "minecraft:random_chance",
                  "chance": 0.5
                }
			  ]
            },
            {
              "type": "minecraft:item",
              "weight": 8,
              "name": "minecraft:potion",
              "functions": [
                {
                  "function": "minecraft:set_nbt",
                  "tag": "{Potion: \"minecraft:long_night_vision\"}"
                }
              ],
              "conditions": [
                {
                  "condition": "minecraft:random_chance",
                  "chance": 0.5
                }
			  ]
            }
          ]
        },
        {
          "type": "minecraft:item",
          "weight": 6,
          "name": "minecraft:wet_sponge"
        },
        {
          "type": "minecraft:item",
          "weight": 3,
          "name": "minecraft:book",
          "functions": [
            {
              "function": "minecraft:enchant_randomly",
              "enchantments": [
                "minecraft:depth_strider",
                "minecraft:protection",
                "minecraft:projectile_protection",
                "minecraft:feather_falling",
                "minecraft:respiration",
                "minecraft:aqua_affinity",
                "minecraft:thorns",
                "minecraft:depth_strider",
                "minecraft:frost_walker",
                "minecraft:binding_curse",
                "minecraft:smite",
                "minecraft:bane_of_arthropods",
                "minecraft:looting",
                "minecraft:efficiency",
                "minecraft:silk_touch",
                "minecraft:fortune",
                "minecraft:infinity",
                "minecraft:luck_of_the_sea",
                "minecraft:lure",
                "minecraft:loyalty",
                "minecraft:riptide",
                "minecraft:channeling",
                "minecraft:mending",
                "minecraft:vanishing_curse"
              ]
            }
          ]
        }
      ]
    },
    {
      "rolls": 2,
      "entries": [
        {
          "type": "minecraft:item",
          "weight": 1,
          "name": "minecraft:coast_armor_trim_smithing_template"
        },
        {
          "type": "minecraft:item",
          "weight": 1,
          "name": "minecraft:tide_armor_trim_smithing_template"
        }
      ],
      "conditions": [
        {
          "condition": "minecraft:random_chance",
          "chance": 0.2
        }
      ]
    }
  ]
}