{
  "display": {
    "icon": {
      "item": "minecraft:written_book"
    },
    "title": "An Ancient Trial",
    "description": "Learn the complete history of the trial of King Drizen.",
    "background": "minecraft:textures/block/oak_planks.png",
    "frame": "task",
    "show_toast": true,
    "announce_to_chat": true,
    "hidden": false
  },
  "parent": "nitdim:nitdim/buried_ocean/tower",
  "criteria": {
    "book1": {
      "trigger": "minecraft:inventory_changed",
      "conditions": {
        "items": [
          {
            "item": "minecraft:written_book",
            "nbt": "{nitdim_bookAncient:1b}"
          }
        ]
      }
    },
    "book2": {
      "trigger": "minecraft:inventory_changed",
      "conditions": {
        "items": [
          {
            "item": "minecraft:written_book",
            "nbt": "{nitdim_bookAncient:2b}"
          }
        ]
      }
    },
    "book3": {
      "trigger": "minecraft:inventory_changed",
      "conditions": {
        "items": [
          {
            "item": "minecraft:written_book",
            "nbt": "{nitdim_bookAncient:3b}"
          }
        ]
      }
    },
    "book4": {
      "trigger": "minecraft:inventory_changed",
      "conditions": {
        "items": [
          {
            "item": "minecraft:written_book",
            "nbt": "{nitdim_bookAncient:4b}"
          }
        ]
      }
    },
    "book5": {
      "trigger": "minecraft:inventory_changed",
      "conditions": {
        "items": [
          {
            "item": "minecraft:written_book",
            "nbt": "{nitdim_bookAncient:5b}"
          }
        ]
      }
    },
    "book6": {
      "trigger": "minecraft:inventory_changed",
      "conditions": {
        "items": [
          {
            "item": "minecraft:written_book",
            "nbt": "{nitdim_bookAncient:6b}"
          }
        ]
      }
    },
    "book7": {
      "trigger": "minecraft:inventory_changed",
      "conditions": {
        "items": [
          {
            "item": "minecraft:written_book",
            "nbt": "{nitdim_bookAncient:7b}"
          }
        ]
      }
    },
    "book8": {
      "trigger": "minecraft:inventory_changed",
      "conditions": {
        "items": [
          {
            "item": "minecraft:written_book",
            "nbt": "{nitdim_bookAncient:8b}"
          }
        ]
      }
    }
  },
  "rewards": {
    "experience": 1000
  }
}