{
  "display": {
    "icon": {
      "item": "minecraft:dark_prismarine"
    },
    "title": "The Ancient Tower",
    "description": "Discover the aquatic Tower of the rare Ancient Sea.",
    "background": "minecraft:textures/block/oak_planks.png",
    "frame": "task",
    "show_toast": true,
    "announce_to_chat": true,
    "hidden": false
  },
  "parent": "nitdim:nitdim/ach2.3",
  "criteria": {
    "location": {
      "trigger": "minecraft:location",
      "conditions": {
        "player": [
          {
            "condition": "minecraft:entity_properties",
            "entity": "this",
            "predicate": {
              "location": {
                "structure": "nitdim:buried_ocean/ancient_tower"
              }
            }
          }
        ]
      }
    }
  },
  "rewards": {
    "experience": 100
  }
}
