{
  "sea_level": 0,
  "disable_mob_generation": false,
  "aquifers_enabled": false,
  "ore_veins_enabled": false,
  "legacy_random_source": true,
  "default_block": {
    "Name": "minecraft:diorite"
  },
  "default_fluid": {
    "Name": "minecraft:water",
    "Properties": {
      "level": "0"
    }
  },
  "noise": {
    "min_y": 0,
    "height": 128,
    "size_horizontal": 2,
    "size_vertical": 1
  },
  "noise_router": {
    "barrier": {
      "type": "minecraft:noise",
      "noise": "minecraft:aquifer_barrier",
      "xz_scale": 1,
      "y_scale": 0.5
    },
    "fluid_level_floodedness": {
      "type": "minecraft:noise",
      "noise": "minecraft:aquifer_fluid_level_floodedness",
      "xz_scale": 1,
      "y_scale": 0.67
    },
    "fluid_level_spread": {
      "type": "minecraft:noise",
      "noise": "minecraft:aquifer_fluid_level_spread",
      "xz_scale": 1,
      "y_scale": 0.7142857142857143
    },
    "lava": {
      "type": "minecraft:noise",
      "noise": "minecraft:aquifer_lava",
      "xz_scale": 1,
      "y_scale": 1
    },
    "temperature": {
      "type": "minecraft:shifted_noise",
      "noise": "minecraft:temperature",
      "xz_scale": 0.25,
      "y_scale": 0,
      "shift_x": "minecraft:shift_x",
      "shift_y": 0,
      "shift_z": "minecraft:shift_z"
    },
    "vegetation": {
      "type": "minecraft:shifted_noise",
      "noise": "minecraft:vegetation",
      "xz_scale": 0.25,
      "y_scale": 0,
      "shift_x": "minecraft:shift_x",
      "shift_y": 0,
      "shift_z": "minecraft:shift_z"
    },
    "continents": "minecraft:overworld/continents",
    "erosion": "minecraft:overworld/erosion",
    "depth": "minecraft:overworld/depth",
    "ridges": "minecraft:overworld/ridges",
    "initial_density_without_jaggedness": 0,
    "final_density": {
      "type": "minecraft:squeeze",
      "argument": {
        "type": "minecraft:mul",
        "argument1": 0.64,
        "argument2": {
          "type": "minecraft:interpolated",
          "argument": {
            "type": "minecraft:blend_density",
            "argument": {
              "type": "minecraft:add",
              "argument1": -0.234375,
              "argument2": {
                "type": "minecraft:mul",
                "argument1": {
                  "type": "minecraft:y_clamped_gradient",
                  "from_y": 4,
                  "to_y": 32,
                  "from_value": 0,
                  "to_value": 1
                },
                "argument2": {
                  "type": "minecraft:add",
                  "argument1": 0.234375,
                  "argument2": {
                    "type": "minecraft:add",
                    "argument1": -23.4375,
                    "argument2": {
                      "type": "minecraft:mul",
                      "argument1": {
                        "type": "minecraft:y_clamped_gradient",
                        "from_y": 56,
                        "to_y": 312,
                        "from_value": 1,
                        "to_value": 0
                      },
                      "argument2": {
                        "type": "minecraft:add",
                        "argument1": 23.4375,
                        "argument2": "minecraft:end/base_3d_noise"
                      }
                    }
                  }
                }
              }
            }
          }
        }
      }
    },
    "vein_toggle": {
      "type": "minecraft:interpolated",
      "argument": {
        "type": "minecraft:range_choice",
        "input": "minecraft:y",
        "min_inclusive": -60,
        "max_exclusive": 51,
        "when_in_range": {
          "type": "minecraft:noise",
          "noise": "minecraft:ore_veininess",
          "xz_scale": 1.5,
          "y_scale": 1.5
        },
        "when_out_of_range": 0
      }
    },
    "vein_ridged": {
      "type": "minecraft:add",
      "argument1": -0.07999999821186066,
      "argument2": {
        "type": "minecraft:max",
        "argument1": {
          "type": "minecraft:abs",
          "argument": {
            "type": "minecraft:interpolated",
            "argument": {
              "type": "minecraft:range_choice",
              "input": "minecraft:y",
              "min_inclusive": -60,
              "max_exclusive": 51,
              "when_in_range": {
                "type": "minecraft:noise",
                "noise": "minecraft:ore_vein_a",
                "xz_scale": 4,
                "y_scale": 4
              },
              "when_out_of_range": 0
            }
          }
        },
        "argument2": {
          "type": "minecraft:abs",
          "argument": {
            "type": "minecraft:interpolated",
            "argument": {
              "type": "minecraft:range_choice",
              "input": "minecraft:y",
              "min_inclusive": -60,
              "max_exclusive": 51,
              "when_in_range": {
                "type": "minecraft:noise",
                "noise": "minecraft:ore_vein_b",
                "xz_scale": 4,
                "y_scale": 4
              },
              "when_out_of_range": 0
            }
          }
        }
      }
    },
    "vein_gap": {
      "type": "minecraft:noise",
      "noise": "minecraft:ore_gap",
      "xz_scale": 1,
      "y_scale": 1
    }
  },
  "spawn_target": [
    {
      "temperature": [
        -1,
        1
      ],
      "humidity": [
        -1,
        1
      ],
      "continentalness": [
        -0.11,
        1
      ],
      "erosion": [
        -1,
        1
      ],
      "weirdness": [
        -1,
        -0.16
      ],
      "depth": 0,
      "offset": 0
    },
    {
      "temperature": [
        -1,
        1
      ],
      "humidity": [
        -1,
        1
      ],
      "continentalness": [
        -0.11,
        1
      ],
      "erosion": [
        -1,
        1
      ],
      "weirdness": [
        0.16,
        1
      ],
      "depth": 0,
      "offset": 0
    }
  ],
  "surface_rule": {
    "type": "minecraft:sequence",
    "sequence": [
      {
        "type": "minecraft:condition",
        "if_true": {
          "type": "minecraft:stone_depth",
          "offset": 0,
          "surface_type": "floor",
          "add_surface_depth": false,
          "secondary_depth_range": 0
        },
        "then_run": {
          "type": "minecraft:sequence",
          "sequence": [
            {
              "type": "minecraft:condition",
              "if_true": {
                "type": "minecraft:biome",
                "biome_is": [
                  "nitdim:in_between/woolen_woods",
                  "nitdim:in_between/cherry_woods"
                ]
              },
              "then_run": {
                "type": "minecraft:block",
                "result_state": {
                  "Name": "minecraft:grass_block",
                  "Properties": {
                    "snowy": "false"
                  }
                }
              }
            },
            {
              "type": "minecraft:condition",
              "if_true": {
                "type": "minecraft:biome",
                "biome_is": [
                  "nitdim:in_between/sparkling_glacier"
                ]
              },
              "then_run": {
                "type": "minecraft:block",
                "result_state": {
                  "Name": "minecraft:packed_ice"
                }
              }
            },
            {
              "type": "minecraft:condition",
              "if_true": {
                "type": "minecraft:biome",
                "biome_is": [
                  "nitdim:in_between/battlefield"
                ]
              },
              "then_run": {
                "type": "minecraft:block",
                "result_state": {
                  "Name": "minecraft:podzol",
                  "Properties": {
                    "snowy": "false"
                  }
                }
              }
            }
          ]
        }
      },
      {
        "type": "minecraft:condition",
        "if_true": {
          "type": "minecraft:stone_depth",
          "offset": 0,
          "surface_type": "floor",
          "add_surface_depth": true,
          "secondary_depth_range": 0
        },
        "then_run": {
          "type": "minecraft:sequence",
          "sequence": [
            {
              "type": "minecraft:condition",
              "if_true": {
                "type": "minecraft:biome",
                "biome_is": [
                  "nitdim:in_between/woolen_woods",
                  "nitdim:in_between/cherry_woods",
                  "nitdim:in_between/battlefield"
                ]
              },
              "then_run": {
                "type": "minecraft:block",
                "result_state": {
                  "Name": "minecraft:dirt"
                }
              }
            },
            {
              "type": "minecraft:condition",
              "if_true": {
                "type": "minecraft:biome",
                "biome_is": [
                  "nitdim:in_between/sparkling_glacier"
                ]
              },
              "then_run": {
                "type": "minecraft:block",
                "result_state": {
                  "Name": "minecraft:prismarine"
                }
              }
            }
          ]
        }
      }
    ]
  }
}
