{
  "name": "kaisyn:meadow_swiss/decor",
  "fallback": "minecraft:empty",
  "elements": [
    {
      "weight": 4,
      "element": {
        "location": "kaisyn:village/meadow_swiss/meadow_lamp_1",
        "processors": "minecraft:empty",
        "projection": "rigid",
        "element_type": "minecraft:single_pool_element"
      }
    },
    {
      "element": {
        "element_type": "minecraft:feature_pool_element",
        "feature": "minecraft:pile_hay",
        "projection": "rigid"
      },
      "weight": 2
    },
	  {
      "weight": 7,
      "element": {
        "projection": "rigid",
        "element_type": "minecraft:empty_pool_element"
      }
    }
  ]
}