{
  "parent": "nitco:nitco/trawler_ship",
  "display": {
    "icon": {
      "item": "minecraft:ghast_tear"
    },
    "title": {
      "translate": "nitco.advancement.ghast_nursery",
      "fallback": "Raised for War"
    },
    "description": {
      "translate": "nitco.advancement.ghast_nursery.desc",
      "fallback": "Cut off the Tyrant's Ghast Nursery."
    },
    "frame": "task",
	"background": "minecraft:textures/block/polished_blackstone_bricks.png",
    "show_toast": true,
    "announce_to_chat": true,
    "hidden": false
  },
  "rewards": {
    "experience": 100
  },
  "criteria": {
    "discovered": {
      "trigger": "minecraft:impossible"
    }
  }
}