{
  "name": "ddo:outpost",
  "fallback": "minecraft:empty",
  "elements": [
    {
      "weight": 7,
      "element": {
        "location": "ddo:outpost/portaltop",
        "processors": "minecraft:empty",
		"projection": "rigid",
        "element_type": "minecraft:single_pool_element"
      }
    },
    {
      "weight": 5,
      "element": {
        "location": "ddo:outpost/chesttop",
        "processors": "minecraft:empty",
		"projection": "rigid",
        "element_type": "minecraft:single_pool_element"
      }
    },
    {
      "weight": 4,
      "element": {
        "location": "ddo:outpost/altartop",
        "processors": "minecraft:empty",
		"projection": "rigid",
        "element_type": "minecraft:single_pool_element"
      }
    }
  ]
}
