{
  "ultrawarm": false,
  "natural": false,
  "piglin_safe": true,
  "respawn_anchor_works": true,
  "bed_works": true,
  "has_raids": false,
  "has_skylight": false,
  "has_ceiling": true,
  "coordinate_scale": 16,
  "ambient_light": 0,
  "fixed_time": 18000,
  "logical_height": 256,
  "effects": "minecraft:the_nether",
  "infiniburn": "#minecraft:infiniburn_overworld",
  "min_y": -256,
  "height": 288,
  "monster_spawn_light_level": 0,
  "monster_spawn_block_light_limit": 0
}
