{
  "elements": [
    {
      "element": {
        "element_type": "minecraft:legacy_single_pool_element",
        "location": "lvillage:mossed/streets/corner_1",
        "processors": "minecraft:empty",
        "projection": "terrain_matching"
      },
      "weight": 2
    },
    {
      "element": {
        "element_type": "minecraft:legacy_single_pool_element",
        "location": "lvillage:mossed/streets/corner_2",
        "processors": "minecraft:empty",
        "projection": "terrain_matching"
      },
      "weight": 2
    },
    {
      "element": {
        "element_type": "minecraft:legacy_single_pool_element",
        "location": "lvillage:mossed/streets/corner_3",
        "processors": "minecraft:empty",
        "projection": "terrain_matching"
      },
      "weight": 2
    },
    {
      "element": {
        "element_type": "minecraft:legacy_single_pool_element",
        "location": "lvillage:mossed/streets/corner_4",
        "processors": "minecraft:empty",
        "projection": "terrain_matching"
      },
      "weight": 2
    },
    {
      "element": {
        "element_type": "minecraft:legacy_single_pool_element",
        "location": "lvillage:mossed/streets/street_1",
        "processors": "minecraft:empty",
        "projection": "terrain_matching"
      },
      "weight": 4
    },
    {
      "element": {
        "element_type": "minecraft:legacy_single_pool_element",
        "location": "lvillage:mossed/streets/street_2",
        "processors": "minecraft:empty",
        "projection": "terrain_matching"
      },
      "weight": 4
    },
    {
      "element": {
        "element_type": "minecraft:legacy_single_pool_element",
        "location": "lvillage:mossed/streets/street_3",
        "processors": "minecraft:empty",
        "projection": "terrain_matching"
      },
      "weight": 7
    },
    {
      "element": {
        "element_type": "minecraft:legacy_single_pool_element",
        "location": "lvillage:mossed/streets/street_4",
        "processors": "minecraft:empty",
        "projection": "terrain_matching"
      },
      "weight": 7
    },
    {
      "element": {
        "element_type": "minecraft:legacy_single_pool_element",
        "location": "lvillage:mossed/streets/street_5",
        "processors": "minecraft:empty",
        "projection": "terrain_matching"
      },
      "weight": 1
    }, 
    {
      "element": {
        "element_type": "minecraft:legacy_single_pool_element",
        "location": "lvillage:mossed/streets/street_6",
        "processors": "minecraft:empty",
        "projection": "terrain_matching"
      },
      "weight": 3
    }, 
    {
      "element": {
        "element_type": "minecraft:legacy_single_pool_element",
        "location": "lvillage:mossed/streets/street_7",
        "processors": "minecraft:empty",
        "projection": "terrain_matching"
      },
      "weight": 3
    }, 
    {
      "element": {
        "element_type": "minecraft:legacy_single_pool_element",
        "location": "lvillage:mossed/streets/crossroad_1",
        "processors": "minecraft:empty",
        "projection": "terrain_matching"
      },
      "weight": 2
    },
    {
      "element": {
        "element_type": "minecraft:legacy_single_pool_element",
        "location": "lvillage:mossed/streets/crossroad_2",
        "processors": "minecraft:empty",
        "projection": "terrain_matching"
      },
      "weight": 1
    },
    {
      "element": {
        "element_type": "minecraft:legacy_single_pool_element",
        "location": "lvillage:mossed/streets/crossroad_3",
        "processors": "minecraft:empty",
        "projection": "terrain_matching"
      },
      "weight": 2
    },
    {
      "element": {
        "element_type": "minecraft:legacy_single_pool_element",
        "location": "lvillage:mossed/streets/crossroad_4",
        "processors": "minecraft:empty",
        "projection": "terrain_matching"
      },
      "weight": 2
    },
    {
      "element": {
        "element_type": "minecraft:legacy_single_pool_element",
        "location": "lvillage:mossed/streets/crossroad_5",
        "processors": "minecraft:empty",
        "projection": "terrain_matching"
      },
      "weight": 2
    },
    {
      "element": {
        "element_type": "minecraft:legacy_single_pool_element",
        "location": "lvillage:mossed/streets/crossroad_6",
        "processors": "minecraft:empty",
        "projection": "terrain_matching"
      },
      "weight": 2
    }  
  ],
  "fallback": "lvillage:mossed/terminators"
}