{
  "type": "minecraft:archaeology",
  "pools": [
    {
      "bonus_rolls": 0.0,
      "entries": [
        {
          "type": "minecraft:item",
          "name": "minecraft:bundle"
        },
        {
          "type": "minecraft:item",
          "name": "minecraft:golden_apple"
        },
        {
          "type": "minecraft:item",
          "name": "minecraft:totem_of_undying" 
        },
        {
          "type": "minecraft:item",
          "name": "minecraft:wayfinder_armor_trim_smithing_template"
        },
        {
          "type": "minecraft:item",
          "name": "minecraft:raiser_armor_trim_smithing_template"
        },
        {
          "type": "minecraft:item",
          "name": "minecraft:shaper_armor_trim_smithing_template"
        },
        {
          "type": "minecraft:item",
          "name": "minecraft:host_armor_trim_smithing_template"
        },
        {
          "type": "minecraft:item",
          "name": "minecraft:diamond"
        },
        {
          "type": "minecraft:item",
          "name": "minecraft:tnt"
        },
        {
          "type": "minecraft:item",
          "name": "minecraft:gunpowder"
        },
        {
          "type": "minecraft:item",
          "name": "minecraft:emerald"
        }
      ],
      "rolls": 1.0
    }
  ]
}