{
  "type": "minecraft:command",
  "pools": [
    {
      "rolls": 1,
      "entries": [
        {
          "type": "minecraft:item",
          "name": "minecraft:paper",
          "functions": [
            {
              "function": "minecraft:set_nbt",
              "tag": "{CustomModelData:8601000,nitk_buildingPermit:1b,HideFlags:1,display:{Lore:['{\"translate\":\"nitk.item.building_permit.desc.1\",\"fallback\":\"The final ingredient\",\"color\":\"gray\",\"italic\":false}','{\"translate\":\"nitk.item.building_permit.desc.2\",\"fallback\":\"in new town structures.\",\"color\":\"gray\",\"italic\":false}'],Name:'{\"translate\":\"nitk.item.building_permit\",\"fallback\":\"Building Permit\",\"color\":\"blue\",\"italic\":false}'},Enchantments:[{id:\"minecraft:protection\",lvl:0}]}"
            }
          ]
        }
      ]
    }
  ]
}
