{
  "type": "minecraft:command",
  "pools": [
    {
      "rolls": 1,
      "entries": [
        {
          "type": "minecraft:item",
          "name": "minecraft:flint",
          "functions": [
            {
              "function": "minecraft:set_nbt",
              "tag": "{CustomModelData:8601015,nitref_dragonScale:1b,display:{Name:'{\"translate\":\"nitk.item.dragon_scale\",\"fallback\":\"Dragon Scale\",\"color\":\"aqua\",\"italic\":false}'}}"
            }
          ]
        }
      ]
    }
  ]
}
