{
  "type": "minecraft:command",
  "pools": [
    {
      "rolls": 1,
      "entries": [
        {
          "type": "minecraft:item",
          "name": "minecraft:knowledge_book",
          "functions": [
            {
              "function": "minecraft:set_nbt",
              "tag": "{CustomModelData:8601016,nitref_dragonResearch:1b,display:{Name:'{\"translate\":\"nitk.item.dragon_research\",\"fallback\":\"Dragon Research\",\"color\":\"dark_purple\",\"italic\":false}'}}"
            }
          ]
        }
      ]
    }
  ]
}
