{
  "type": "minecraft:random_patch",
  "config": {
    "tries": 3,
    "xz_spread": 3,
    "y_spread": 0,
    "feature": {
      "feature": {
        "type": "minecraft:block_column",
        "config": {
          "direction": "up",
          "allowed_placement": {
            "type": "minecraft:true"
          },
          "prioritize_tip": false,
          "layers": [
            {
              "height": {
                "type": "minecraft:uniform",
                "value": {
                  "min_inclusive": 1,
                  "max_inclusive": 4
                }
              },
              "provider": {
                "type": "minecraft:simple_state_provider",
                "state": {
                  "Name": "minecraft:bone_block",
                  "Properties": {
                    "axis": "y"
                  }
                }
              }
            }
          ]
        }
      },
      "placement": [
        {
          "type": "minecraft:block_predicate_filter",
          "predicate": {
            "type": "minecraft:matching_blocks",
            "offset": [
              0,
              -1,
              0
            ],
            "blocks": [
              "minecraft:sand",
              "minecraft:red_sand",
              "minecraft:soul_sand",
              "minecraft:mud"
            ]
          }
        }
      ]
    }
  }
}
