{
  "type": "minecraft:ore",
  "config": {
    "size": 8,
    "discard_chance_on_air_exposure": 0,
    "targets": [
      {
        "target": {
          "predicate_type": "minecraft:block_match",
          "block": "minecraft:sandstone"
        },
        "state": {
          "Name": "minecraft:raw_gold_block"
        }
      },
      {
        "target": {
          "predicate_type": "minecraft:tag_match",
          "tag": "minecraft:deepslate_ore_replaceables"
        },
        "state": {
          "Name": "minecraft:glowstone"
        }
      }
    ]
  }
}
