{
  "type": "minecraft:simple_block",
  "config": {
    "to_place": {
      "type": "minecraft:weighted_state_provider",
      "entries": [
        {
          "weight": 4,
          "data": {
            "Name": "minecraft:candle",
            "Properties": {
              "candles": "1",
              "lit": "true",
              "waterlogged": "false"
            }
          }
        },
        {
          "weight": 3,
          "data": {
            "Name": "minecraft:candle",
            "Properties": {
              "candles": "2",
              "lit": "true",
              "waterlogged": "false"
            }
          }
        },
        {
          "weight": 2,
          "data": {
            "Name": "minecraft:candle",
            "Properties": {
              "candles": "3",
              "lit": "true",
              "waterlogged": "false"
            }
          }
        },
        {
          "weight": 1,
          "data": {
            "Name": "minecraft:candle",
            "Properties": {
              "candles": "4",
              "lit": "true",
              "waterlogged": "false"
            }
          }
        }
      ]
    }
  }
}