{
  "type": "minecraft:root_system",
  "config": {
    "required_vertical_space_for_tree": 3,
    "root_radius": 3,
    "root_placement_attempts": 20,
    "root_column_max_height": 200,
    "hanging_root_radius": 3,
    "hanging_roots_vertical_span": 2,
    "hanging_root_placement_attempts": 20,
    "allowed_vertical_water_for_tree": 2,
    "root_replaceable": "#nitdim:base_stone_primordial_desert",
    "root_state_provider": {
      "type": "minecraft:weighted_state_provider",
      "entries": [
        {
          "weight": 1,
          "data": {
            "Name": "minecraft:magma_block"
          }
        },
        {
          "weight": 3,
          "data": {
            "Name": "minecraft:blackstone"
          }
        }
      ]
    },
    "hanging_root_state_provider": {
      "type": "minecraft:simple_state_provider",
      "state": {
        "Name": "minecraft:polished_blackstone_button",
        "Properties": {
          "facing": "north",
          "face": "ceiling",
          "powered": "true"
        }
      }
    },
    "allowed_tree_position": {
      "type": "minecraft:all_of",
      "predicates": [
        {
          "type": "minecraft:any_of",
          "predicates": [
            {
              "type": "minecraft:matching_blocks",
              "blocks": [
                "minecraft:air",
                "minecraft:cave_air",
                "minecraft:void_air",
                "minecraft:lava",
                "minecraft:water"
              ]
            },
            {
              "type": "minecraft:matching_block_tag",
              "tag": "minecraft:leaves"
            },
            {
              "type": "minecraft:matching_block_tag",
              "tag": "minecraft:replaceable_plants"
            }
          ]
        },
        {
          "type": "minecraft:matching_block_tag",
          "offset": [
            0,
            -1,
            0
          ],
          "tag": "nitdim:primordial_desert_surface"
        }
      ]
    },
    "feature": {
      "feature": "nitdim:primordial_desert/marker_volcanic_zone",
      "placement": []
    }
  }
}
