{
  "parent": "norse_adventure:tutorial/knarr",
  "display": {
    "icon": {
      "item": "minecraft:iron_block"
    },
    "title": {
      "translate": "advancements.norse_adventure.tutorial.heavy_load.title"
    },
    "description": {
      "translate": "advancements.norse_adventure.tutorial.heavy_load.description"
    },
    "frame": "challenge",
    "show_toast": true,
    "announce_to_chat": true,
    "hidden": false
  },
  "criteria": {
    "requirement": {
      "trigger": "impossible"
    }
  }
}
