{
  "parent": "norse_adventure:tutorial/root",
  "display": {
    "icon": {
      "item": "minecraft:bat_spawn_egg",
      "nbt": "{CustomModelData:2221500}"
    },
    "title": {
      "translate": "advancements.norse_adventure.tutorial.karve.title"
    },
    "description": {
      "translate": "advancements.norse_adventure.tutorial.karve.description"
    },
    "show_toast": true,
    "announce_to_chat": true,
    "hidden": false,
    "frame": "task"
  },
  "criteria": {
    "requirement": {
      "trigger": "minecraft:impossible"
    }
  }
}