{
  "parent": "norse_adventure:tutorial/steering_seat",
  "display": {
    "icon": {
      "item": "minecraft:command_block",
      "nbt": "{CustomModelData:2221503}"
    },
    "title": {
      "translate": "advancements.norse_adventure.tutorial.sail.title"
    },
    "description": {
      "translate": "advancements.norse_adventure.tutorial.sail.description"
    },
    "show_toast": true,
    "announce_to_chat": true,
    "hidden": false,
    "frame": "task"
  },
  "criteria": {
    "right_click": {
      "trigger": "minecraft:player_interacted_with_entity",
      "conditions": {
        "entity": {
          "type": "interaction",
          "nbt": "{Tags:[\"norse_adventure.ship_part.sail_rope\"]}"
        }
      }
    },
    "left_click": {
      "trigger": "minecraft:player_hurt_entity",
      "conditions": {
        "entity": {
          "type": "interaction",
          "nbt": "{Tags:[\"norse_adventure.ship_part.sail_rope\"]}"
        }
      }
    }
  },
  "requirements": [
    [
      "right_click",
      "left_click"
    ]
  ]
}