{
  "type": "minecraft:archaeology",
  "pools": [
    {
      "rolls": 1,
      "bonus_rolls": 0,
      "entries": [
        {
          "type": "minecraft:item",
          "weight": 3,
          "name": "minecraft:danger_pottery_sherd"
        },
        {
          "type": "minecraft:item",
          "weight": 3,
          "name": "minecraft:archer_pottery_sherd"
        },
        {
          "type": "minecraft:item",
          "weight": 3,
          "name": "minecraft:miner_pottery_sherd"
        },
        {
          "type": "minecraft:item",
          "weight": 3,
          "name": "minecraft:prize_pottery_sherd"
        },
        {
          "type": "minecraft:item",
          "weight": 3,
          "name": "minecraft:skull_pottery_sherd"
        },
        {
          "type": "minecraft:item",
          "weight": 1,
          "name": "minecraft:diamond"
        },
        {
          "type": "minecraft:item",
          "weight": 1,
          "name": "minecraft:tnt"
        },
        {
          "type": "minecraft:item",
          "weight": 1,
          "name": "minecraft:gunpowder"
        },
        {
          "type": "minecraft:item",
          "weight": 1,
          "name": "minecraft:emerald"
        },
        {
          "type": "minecraft:item",
          "weight": 1,
          "name": "minecraft:bone",
          "functions": [
            {
              "function": "minecraft:set_count",
              "count": {
                "min": 4,
                "max": 6
              }
            }
          ]
        }
      ]
    }
  ]
}
