{
  "parent": "nitdim:nitdim/root",
  "display": {
    "icon": {
      "item": "minecraft:chiseled_sandstone"
    },
    "title": "The Primordial Desert",
    "description": "Find a portal to the Primordial Desert.",
    "frame": "task",
	"background": "minecraft:textures/block/oak_planks.png",
    "show_toast": true,
    "announce_to_chat": true,
    "hidden": false
  },
  "rewards": {
    "experience": 100
  },
  "criteria": {
    "travel-to-primordial_desert": {
      "trigger": "minecraft:changed_dimension",
      "conditions": {
        "from": "nitdim:in_between",
        "to": "nitdim:primordial_desert"
      }
    }
  }
}