{
  "parent": "nitco:recipes/keep/recipe_keep",
  "display": {
    "icon": {
      "item": "minecraft:crafting_table"
    },
    "title": "Blank Keep Crafting",
    "description": "Open a Keep Planner with a Blank Keep recipe.",
    "frame": "task",
    "show_toast": false,
    "announce_to_chat": false,
    "hidden": true
  },
  "rewards": {
    "function": "nitco:siteplanner/keep/init_blank"
  },
  "criteria": {
    "open-dropper": {
      "trigger": "minecraft:item_used_on_block",
      "conditions": {
        "location": [
          {
            "condition": "minecraft:location_check",
            "predicate": {
              "block": {
            "blocks": [
              "minecraft:dropper"
            ],
			"nbt":"{Items:[{Slot: 0b, id: \"minecraft:nether_brick\", Count: 1b}, {Slot: 1b, id: \"minecraft:nether_brick\", Count: 1b}, {Slot: 2b, id: \"minecraft:nether_brick\", Count: 1b}, {Slot: 3b, id: \"minecraft:nether_brick\", Count: 1b}, {Slot: 4b, id: \"minecraft:gold_ingot\", Count: 8b}, {Slot: 5b, id: \"minecraft:nether_brick\", Count: 1b}, {Slot: 6b, id: \"minecraft:nether_brick\", Count: 16b, tag: {nitco_strongBrick:1b}}, {Slot: 7b, id: \"minecraft:nether_brick\", Count: 32b, tag: {nitco_strongBrick:1b}}, {Slot: 8b, id: \"minecraft:nether_brick\", Count: 16b, tag: {nitco_strongBrick:1b}}]}"
              }
            }
          }
        ]
      }
    }
  }
}