{
	"fallback": "minecraft:empty",
	"elements": [{
		"weight": 5,
		"element": {
			"element_type": "minecraft:empty_pool_element"
		}
	},{
		"weight": 1,
		"element": {
			"element_type": "minecraft:single_pool_element",
			"location": "tbirds:village_creole/paths/bg2_rv2",
			"processors": "minecraft:empty",
			"projection": "rigid"
		}
	},{
		"weight": 5,
		"element": {
			"element_type": "minecraft:single_pool_element",
			"location": "tbirds:village_creole/paths/rd1_bg1_rv2",
			"processors": "minecraft:empty",
			"projection": "rigid"
		}
	},{
		"weight": 3,
		"element": {
			"element_type": "minecraft:single_pool_element",
			"location": "tbirds:village_creole/paths/bridge_straight",
			"processors": "minecraft:empty",
			"projection": "rigid"
		}
	}]
}