{
	"fallback": "minecraft:empty",
	"elements": [{
		"weight": 2,
		"element": {
			"element_type": "minecraft:single_pool_element",
			"location": "tbirds:village_creole/town_centers/market",
			"processors": "minecraft:empty",
			"projection": "rigid"
		}
	},{
		"weight": 1,
		"element": {
			"element_type": "minecraft:single_pool_element",
			"location": "tbirds:village_creole/town_centers/tree_river",
			"processors": "minecraft:empty",
			"projection": "rigid"
		}
	},{
		"weight": 1,
		"element": {
			"element_type": "minecraft:single_pool_element",
			"location": "tbirds:village_creole/town_centers/tree_pond",
			"processors": "minecraft:empty",
			"projection": "rigid"
		}
	}]
}