{
  "type": "minecraft:command",
  "pools": [
    {
      "rolls": 1,
      "entries": [
        {
          "type": "minecraft:item",
          "name": "minecraft:blaze_rod",
          "functions": [
            {
              "function": "minecraft:set_nbt",
              "tag": "{CustomModelData:8602008,nitdim_keySpider:1b,HideFlags:1,display:{Lore:['{\"text\":\"A blazing key\",\"color\":\"gray\",\"italic\":false}','{\"text\":\"to a lost tomb.\",\"color\":\"gray\",\"italic\":false}'],Name:'{\"text\":\"Key of the Spider\",\"color\":\"dark_red\",\"italic\":false}'},Enchantments:[{lvl:0,id:\"minecraft:protection\"}]}"
            }
          ]
        }
      ]
    }
  ]
}
