{
  "type": "minecraft:command",
  "pools": [
    {
      "rolls": 1,
      "entries": [
        {
          "type": "minecraft:item",
          "name": "minecraft:oak_boat",
          "functions": [
            {
              "function": "minecraft:set_nbt",
              "tag": "{CustomModelData:8602000,nitsea_shipHull:1b,HideFlags:1,display:{Lore:['{\"text\":\"A masterfully crafted\",\"color\":\"gray\",\"italic\":false}','{\"text\":\"seafaring vessel.\",\"color\":\"gray\",\"italic\":false}'],Name:'{\"text\":\"Prepared Ship Hull\",\"color\":\"blue\",\"italic\":false}'},Enchantments:[{id:\"minecraft:protection\",lvl:0}]}"
            }
          ]
        }
      ]
    }
  ]
}
