{
  "type": "minecraft:command",
  "pools": [
    {
      "rolls": 1,
      "entries": [
        {
          "type": "minecraft:item",
          "name": "minecraft:amethyst_shard",
          "functions": [
            {
              "function": "minecraft:set_nbt",
              "tag": "{CustomModelData:8602005,nitex_artifactShiny:1b,HideFlags:1,display:{Lore:['{\"text\":\"A rare artifact\",\"color\":\"gray\",\"italic\":false}','{\"text\":\"for research purposes.\",\"color\":\"gray\",\"italic\":false}'],Name:'{\"text\":\"Shiny Artifact\",\"color\":\"light_purple\",\"italic\":false}'},Enchantments:[{id:\"minecraft:protection\",lvl:0}]}"
            }
          ]
        }
      ]
    }
  ]
}
