{
  "type": "minecraft:chest",
  "pools": [
    {
      "rolls": 1,
      "bonus_rolls": 0,
      "entries": [
        {
          "type": "minecraft:empty",
          "weight": 1
        },
        {
          "type": "minecraft:item",
          "name": "minecraft:dune_armor_trim_smithing_template",
          "functions": [
            {
              "function": "minecraft:set_count",
              "count": 1,
              "add": false
            }
          ]
        }
      ]
    },
    {
      "rolls": {
        "min": 0,
        "max": 1
      },
      "entries": [
        {
          "type": "minecraft:item",
          "weight": 3,
          "name": "minecraft:music_disc_chirp"
        },
        {
          "type": "minecraft:item",
          "weight": 1,
          "name": "minecraft:enchanted_golden_apple"
        },
        {
          "type": "minecraft:item",
          "weight": 2,
          "name": "minecraft:golden_apple"
        },
        {
          "type": "minecraft:item",
          "weight": 1,
          "name": "minecraft:iron_horse_armor"
        },
        {
          "type": "minecraft:item",
          "weight": 1,
          "name": "minecraft:golden_horse_armor"
        },
        {
          "type": "minecraft:item",
          "weight": 1,
          "name": "minecraft:diamond_horse_armor"
        },
        {
          "type": "minecraft:item",
          "weight": 3,
          "name": "minecraft:book",
          "functions": [
            {
              "function": "minecraft:enchant_with_levels",
              "levels": {
                "type": "minecraft:uniform",
                "min": 20,
                "max": 30
              },
              "treasure": true
            }
          ]
        },
        {
          "type": "minecraft:item",
          "weight": 3,
          "name": "minecraft:saddle"
        }
      ]
    },
    {
      "rolls": 10,
      "entries": [
        {
          "type": "minecraft:item",
          "weight": 3,
          "name": "minecraft:diamond"
        },
        {
          "type": "minecraft:item",
          "weight": 20,
          "name": "minecraft:iron_ingot"
        },
        {
          "type": "minecraft:item",
          "weight": 20,
          "name": "minecraft:gold_ingot"
        },
        {
          "type": "minecraft:item",
          "weight": 20,
          "name": "minecraft:emerald"
        }
      ]
    },
    {
      "rolls": 12,
      "bonus_rolls": 0,
      "entries": [
        {
          "type": "minecraft:item",
          "weight": 10,
          "name": "minecraft:bone"
        },
        {
          "type": "minecraft:item",
          "weight": 10,
          "name": "minecraft:gunpowder"
        },
        {
          "type": "minecraft:item",
          "weight": 10,
          "name": "minecraft:string"
        },
        {
          "type": "minecraft:item",
          "weight": 10,
          "name": "minecraft:red_sand",
          "functions": [
            {
              "function": "minecraft:set_count",
              "count": 4
            }
          ]
        }
      ]
    }
  ]
}
