{
    "type": "minecraft:chest",
    "pools": [
      {
        "rolls": 1,
        "entries": [
          {
            "type": "minecraft:loot_table",
            "name": "minecraft:chests/village/village_plains_house"
          },
          {
            "type": "minecraft:loot_table",
            "name": "minecraft:chests/village/village_savanna_house"
          },
          {
            "type": "minecraft:loot_table",
            "name": "minecraft:chests/village/village_taiga_house"
          },
          {
            "type": "minecraft:loot_table",
            "name": "minecraft:chests/village/village_snowy_house"
          },
          {
            "type": "minecraft:loot_table",
            "name": "minecraft:chests/village/village_desert_house"
          },
          {
            "type": "minecraft:loot_table",
            "name": "lvillage:chests/village/iced"
          },
          {
            "type": "minecraft:loot_table",
            "name": "lvillage:chests/village/prisma"
          },
          {
            "type": "minecraft:loot_table",
            "name": "lvillage:chests/village/raft"
          },
          {
            "type": "minecraft:loot_table",
            "name": "lvillage:chests/village/mossed"
          }
        ]
      }
    ]
  }
  