{
  "elements": [
    {
      "element": {
        "element_type": "minecraft:legacy_single_pool_element",
        "location": "lvillage:stoney/streets/corner_1",
        "processors": "minecraft:empty",
        "projection": "rigid"
      },
      "weight": 2
    },
    {
      "element": {
        "element_type": "minecraft:legacy_single_pool_element",
        "location": "lvillage:stoney/streets/corner_2",
        "processors": "minecraft:empty",
        "projection": "rigid"
      },
      "weight": 2
    },
    {
      "element": {
        "element_type": "minecraft:legacy_single_pool_element",
        "location": "lvillage:stoney/streets/corner_3",
        "processors": "minecraft:empty",
        "projection": "rigid"
      },
      "weight": 2
    },
    {
      "element": {
        "element_type": "minecraft:legacy_single_pool_element",
        "location": "lvillage:stoney/streets/corner_4",
        "processors": "minecraft:empty",
        "projection": "rigid"
      },
      "weight": 2
    },
    {
      "element": {
        "element_type": "minecraft:legacy_single_pool_element",
        "location": "lvillage:stoney/streets/street_1",
        "processors": "minecraft:empty",
        "projection": "rigid"
      },
      "weight": 4
    },
    {
      "element": {
        "element_type": "minecraft:legacy_single_pool_element",
        "location": "lvillage:stoney/streets/street_2",
        "processors": "minecraft:empty",
        "projection": "rigid"
      },
      "weight": 4
    },
    {
      "element": {
        "element_type": "minecraft:legacy_single_pool_element",
        "location": "lvillage:stoney/streets/street_3",
        "processors": "minecraft:empty",
        "projection": "rigid"
      },
      "weight": 7
    },
    {
      "element": {
        "element_type": "minecraft:legacy_single_pool_element",
        "location": "lvillage:stoney/streets/street_4",
        "processors": "minecraft:empty",
        "projection": "rigid"
      },
      "weight": 7
    },
    {
      "element": {
        "element_type": "minecraft:legacy_single_pool_element",
        "location": "lvillage:stoney/streets/street_5",
        "processors": "minecraft:empty",
        "projection": "rigid"
      },
      "weight": 1
    },
    {
      "element": {
        "element_type": "minecraft:legacy_single_pool_element",
        "location": "lvillage:stoney/streets/street_6",
        "processors": "minecraft:empty",
        "projection": "rigid"
      },
      "weight": 3
    }, 
    {
      "element": {
        "element_type": "minecraft:legacy_single_pool_element",
        "location": "lvillage:stoney/streets/street_7",
        "processors": "minecraft:empty",
        "projection": "rigid"
      },
      "weight": 3
    },  
    {
      "element": {
        "element_type": "minecraft:legacy_single_pool_element",
        "location": "lvillage:stoney/streets/crossroad_1",
        "processors": "minecraft:empty",
        "projection": "rigid"
      },
      "weight": 2
    },
    {
      "element": {
        "element_type": "minecraft:legacy_single_pool_element",
        "location": "lvillage:stoney/streets/crossroad_2",
        "processors": "minecraft:empty",
        "projection": "rigid"
      },
      "weight": 1
    },
    {
      "element": {
        "element_type": "minecraft:legacy_single_pool_element",
        "location": "lvillage:stoney/streets/crossroad_3",
        "processors": "minecraft:empty",
        "projection": "rigid"
      },
      "weight": 2
    },
    {
      "element": {
        "element_type": "minecraft:legacy_single_pool_element",
        "location": "lvillage:stoney/streets/crossroad_4",
        "processors": "minecraft:empty",
        "projection": "rigid"
      },
      "weight": 2
    },
    {
      "element": {
        "element_type": "minecraft:legacy_single_pool_element",
        "location": "lvillage:stoney/streets/crossroad_5",
        "processors": "minecraft:empty",
        "projection": "rigid"
      },
      "weight": 2
    },
    {
      "element": {
        "element_type": "minecraft:legacy_single_pool_element",
        "location": "lvillage:stoney/streets/crossroad_6",
        "processors": "minecraft:empty",
        "projection": "rigid"
      },
      "weight": 2
    },
    {
      "element": {
        "element_type": "minecraft:legacy_single_pool_element",
        "location": "lvillage:stoney/streets/square_1",
        "processors": "minecraft:empty",
        "projection": "rigid"
      },
      "weight": 2
    },
    {
      "element": {
        "element_type": "minecraft:legacy_single_pool_element",
        "location": "lvillage:stoney/streets/square_2",
        "processors": "minecraft:empty",
        "projection": "rigid"
      },
      "weight": 2
    }      
  ],
  "fallback": "lvillage:stoney/terminators"
}