{
  "elements": [
    {
      "element": {
        "element_type": "minecraft:single_pool_element",
        "location": "lvillage:stoney/town_centers/sand",
        "processors": "minecraft:empty",
        "projection": "rigid"
      },
      "weight": 1
    },
    {
      "element": {
        "element_type": "minecraft:single_pool_element",
        "location": "lvillage:stoney/town_centers/stone",
        "processors": "minecraft:empty",
        "projection": "rigid"
      },
      "weight": 1
    }
  ],
  "fallback": "minecraft:empty"
}