{
  "type": "minecraft:tree",
  "config": {
    "minimum_size": {
      "type": "minecraft:two_layers_feature_size"
    },
    "dirt_provider": {
      "type": "minecraft:simple_state_provider",
      "state": {
        "Name": "minecraft:dirt"
      }
    },
    "trunk_provider": {
      "type": "minecraft:simple_state_provider",
      "state": {
        "Name": "minecraft:oak_log",
        "Properties": {
          "axis": "y"
        }
      }
    },
    "foliage_provider": {
      "type": "minecraft:weighted_state_provider",
      "entries": [
        {
          "weight": 1,
          "data": {
            "Name": "minecraft:flowering_azalea_leaves",
            "Properties": {
              "waterlogged": "false"
            }
          }
        },
        {
          "weight": 9,
          "data": {
            "Name": "minecraft:azalea_leaves"
          }
        }
      ]
    },
    "trunk_placer": {
      "type": "minecraft:bending_trunk_placer",
      "base_height": 5,
      "height_rand_a": 3,
      "height_rand_b": 2,
      "bend_length": 1,
      "min_height_for_leaves": 7
    },
    "foliage_placer": {
      "type": "minecraft:random_spread_foliage_placer",
      "radius": 3,
      "offset": 0,
      "foliage_height": 2,
      "leaf_placement_attempts": 15
    },
    "decorators": [
      {
        "type": "minecraft:leave_vine",
        "probability": 0.2
      }
    ]
  }
}
