{
  "type": "minecraft:random_patch",
  "config": {
    "tries": 32,
    "xz_spread": 0,
    "y_spread": 0,
    "feature": {
      "feature": {
        "type": "minecraft:simple_random_selector",
        "config": {
          "features": [
            {
              "feature": "scorched:dirt_patch_red",
              "placement": []
            },
            {
              "feature": "scorched:tree/oaks_decaying",
              "placement": [
                {
                  "type": "minecraft:block_predicate_filter",
                  "predicate": {
                    "type": "minecraft:matching_blocks",
                    "offset": [
                      0,
                      -1,
                      0
                    ],
                    "blocks": "#scorched:sand_terrain"
                  }
                },
                {
                  "type": "minecraft:block_predicate_filter",
                  "predicate": {
                    "type": "minecraft:not",
                    "predicate": {
                      "type": "minecraft:matching_blocks",
                      "offset": [
                        0,
                        0,
                        0
                      ],
                      "blocks": "#minecraft:logs"
                    }
                  }
                }
              ]
            }
          ]
        }
      },
      "placement": []
    }
  }
}
