{
    "pools": [
      {
        "rolls": 1,
        "entries": [
          {
            "type": "minecraft:item",
            "weight": 10,
            "name": "minecraft:phantom_membrane"
          },
          {
            "type": "minecraft:item",
            "weight": 5,
            "name": "minecraft:white_wool"
          }
        ],
        "conditions": [
          {
            "condition": "minecraft:killed_by_player"
          },
          {
            "condition": "minecraft:random_chance",
            "chance": 0.5
          }
        ]
      }
    ]
  }
  