{
    "pools": [
      {
        "rolls": 1,
        "entries": [
          {
            "type": "minecraft:loot_table",
            "name": "nmv:celestial_items",
            "functions": [
              {
                "function": "minecraft:set_count",
                "count": {
                  "min": 1,
                  "max": 2
                }
              }
            ]
          }
        ]
      },
      {
        "rolls": 1,
        "entries": [
          {
            "type": "minecraft:loot_table",
            "name": "nmv:templates",
            "functions": [
              {
                "function": "minecraft:set_count",
                "count": {
                  "min": 1,
                  "max": 1
                },
                "conditions": [
                  {
                    "condition": "minecraft:random_chance",
                    "chance": 0.3
                  }
                ]
              }
            ]
          }
        ]
      }
    ]
  }
  