{
    "pools": [
      {
        "rolls": 1,
        "entries": [
          {
            "type": "minecraft:item",
            "weight": 3,
            "name": "minecraft:diamond",
            "functions": [
              {
                "function": "minecraft:set_count",
              "count": {
                "min": 1,
                "max": 2
              }
              }
            ]
          },
          {
            "type": "minecraft:item",
            "weight": 5,
            "name": "minecraft:emerald",
            "functions": [
              {
                "function": "minecraft:set_count",
              "count": {
                "min": 1,
                "max": 3
              }
              }
            ]
          }
        ]
      }
    ]
  }
  