{
    "type": "minecraft:entity",
    "pools": [
      {
        "rolls": 1,
        "entries": [
          {
            "type": "minecraft:item",
            "name": "minecraft:coast_armor_trim_smithing_template"
          },
          {
            "type": "minecraft:item",
            "name": "minecraft:dune_armor_trim_smithing_template"
          },
          {
            "type": "minecraft:item",
            "name": "minecraft:eye_armor_trim_smithing_template"
          },
          {
            "type": "minecraft:item",
            "name": "minecraft:host_armor_trim_smithing_template"
          },
          {
            "type": "minecraft:item",
            "name": "minecraft:netherite_upgrade_smithing_template"
          },
          {
            "type": "minecraft:item",
            "name": "minecraft:raiser_armor_trim_smithing_template"
          },
          {
            "type": "minecraft:item",
            "name": "minecraft:rib_armor_trim_smithing_template"
          },
          {
            "type": "minecraft:item",
            "name": "minecraft:sentry_armor_trim_smithing_template"
          },
          {
            "type": "minecraft:item",
            "name": "minecraft:shaper_armor_trim_smithing_template"
          },
          {
            "type": "minecraft:item",
            "name": "minecraft:silence_armor_trim_smithing_template"
          },
          {
            "type": "minecraft:item",
            "name": "minecraft:snout_armor_trim_smithing_template"
          },
          {
            "type": "minecraft:item",
            "name": "minecraft:spire_armor_trim_smithing_template"
          },
          {
            "type": "minecraft:item",
            "name": "minecraft:tide_armor_trim_smithing_template"
          },
          {
            "type": "minecraft:item",
            "name": "minecraft:vex_armor_trim_smithing_template"
          },
          {
            "type": "minecraft:item",
            "name": "minecraft:ward_armor_trim_smithing_template"
          },
          {
            "type": "minecraft:item",
            "name": "minecraft:wayfinder_armor_trim_smithing_template"
          },
          {
            "type": "minecraft:item",
            "name": "minecraft:wild_armor_trim_smithing_template"
          }
        ],
        "conditions": [
          {
            "condition": "minecraft:killed_by_player"
          }
        ]
      }
    ]
  }
  