{
  "elements": [
    {
      "element": {
        "element_type": "minecraft:legacy_single_pool_element",
        "location": "lvillage:prisma/streets/corner_1",
        "processors": "minecraft:empty",
        "projection": "terrain_matching"
      },
      "weight": 2
    },
    {
      "element": {
        "element_type": "minecraft:legacy_single_pool_element",
        "location": "lvillage:prisma/streets/corner_2",
        "processors": "minecraft:empty",
        "projection": "terrain_matching"
      },
      "weight": 2
    },
    {
      "element": {
        "element_type": "minecraft:legacy_single_pool_element",
        "location": "lvillage:prisma/streets/corner_3",
        "processors": "minecraft:empty",
        "projection": "terrain_matching"
      },
      "weight": 2
    },
    {
      "element": {
        "element_type": "minecraft:legacy_single_pool_element",
        "location": "lvillage:prisma/streets/corner_4",
        "processors": "minecraft:empty",
        "projection": "terrain_matching"
      },
      "weight": 2
    },
    {
      "element": {
        "element_type": "minecraft:legacy_single_pool_element",
        "location": "lvillage:prisma/streets/street_1",
        "processors": "minecraft:empty",
        "projection": "terrain_matching"
      },
      "weight": 4
    },
    {
      "element": {
        "element_type": "minecraft:legacy_single_pool_element",
        "location": "lvillage:prisma/streets/street_2",
        "processors": "minecraft:empty",
        "projection": "terrain_matching"
      },
      "weight": 4
    },
    {
      "element": {
        "element_type": "minecraft:legacy_single_pool_element",
        "location": "lvillage:prisma/streets/street_3",
        "processors": "minecraft:empty",
        "projection": "terrain_matching"
      },
      "weight": 7
    },
    {
      "element": {
        "element_type": "minecraft:legacy_single_pool_element",
        "location": "lvillage:prisma/streets/street_4",
        "processors": "minecraft:empty",
        "projection": "terrain_matching"
      },
      "weight": 7
    },
    {
      "element": {
        "element_type": "minecraft:legacy_single_pool_element",
        "location": "lvillage:prisma/streets/street_5",
        "processors": "minecraft:empty",
        "projection": "terrain_matching"
      },
      "weight": 3
    }, 
    {
      "element": {
        "element_type": "minecraft:legacy_single_pool_element",
        "location": "lvillage:prisma/streets/crossroads_1",
        "processors": "minecraft:empty",
        "projection": "terrain_matching"
      },
      "weight": 2
    },
    {
      "element": {
        "element_type": "minecraft:legacy_single_pool_element",
        "location": "lvillage:prisma/streets/crossroads_2",
        "processors": "minecraft:empty",
        "projection": "terrain_matching"
      },
      "weight": 1
    },
    {
      "element": {
        "element_type": "minecraft:legacy_single_pool_element",
        "location": "lvillage:prisma/streets/crossroads_3",
        "processors": "minecraft:empty",
        "projection": "terrain_matching"
      },
      "weight": 2
    },
    {
      "element": {
        "element_type": "minecraft:legacy_single_pool_element",
        "location": "lvillage:prisma/streets/crossroads_4",
        "processors": "minecraft:empty",
        "projection": "terrain_matching"
      },
      "weight": 2
    },
    {
      "element": {
        "element_type": "minecraft:legacy_single_pool_element",
        "location": "lvillage:prisma/streets/crossroads_5",
        "processors": "minecraft:empty",
        "projection": "terrain_matching"
      },
      "weight": 2
    },
    {
      "element": {
        "element_type": "minecraft:legacy_single_pool_element",
        "location": "lvillage:prisma/streets/crossroads_6",
        "processors": "minecraft:empty",
        "projection": "terrain_matching"
      },
      "weight": 2
    }  
  ],
  "fallback": "lvillage:prisma/terminators"
}