{
  "parent": "wasd.bosses:fire",
  "display": {
    "icon": {
      "item": "minecraft:clay_ball",
      "nbt": "{CustomModelData:6371206}"
    },
    "title": "Air Boss             ",
    "description": "\nSpawns Above y=130 In:\n   Frozen Peaks\n   Jagged Peaks\n   Meadow\n   Snowy Slopes\n   Stony Peaks\n   Grove\n",
    "frame": "goal",
    "show_toast": false,
    "announce_to_chat": false,
    "hidden": false
  },
  "criteria": {
    "requirement": {
      "trigger": "minecraft:tick"
    }
  }
}


