{
  "parent": "nitdim:nitdim/root",
  "display": {
    "icon": {
      "item": "minecraft:white_wool"
    },
    "title": "Where are they now?",
    "description": "Explore the remains of a Ruined Town in the In Between.",
    "frame": "task",
	"background": "minecraft:textures/block/oak_planks.png",
    "show_toast": true,
    "announce_to_chat": true,
    "hidden": false
  },
  "rewards": {
    "experience": 100
  },
  "criteria": {
    "location": {
      "trigger": "minecraft:location",
      "conditions": {
        "player": [
          {
            "condition": "minecraft:entity_properties",
            "entity": "this",
            "predicate": {
              "location": {
                "structure": "nitdim:in_between/ruined_town"
              }
            }
          }
        ]
      }
    }
  }
}