{
    "fallback": "minecraft:empty",
    "elements": [
      {
        "weight": 1,
        "element": {
          "element_type": "minecraft:single_pool_element",
          "projection": "rigid",
          "location": "lvillage:mossed/town_centers/ruins",
          "processors": "minecraft:empty"
        }
      },
      {
        "weight": 10,
        "element": {
          "element_type": "minecraft:legacy_single_pool_element",
          "projection": "terrain_matching",
          "location": "lvillage:mossed/streets/street_5",
          "processors": "minecraft:empty"
        }
      }
    ]
  }
  