{
  "feature": "nitdim:buried_ocean/block_piles_ocean",
  "placement": [
    {
      "type": "minecraft:count",
      "count": 2
    },
    {
      "type": "minecraft:in_square"
    },
    {
      "type": "minecraft:height_range",
      "height": {
        "type": "minecraft:biased_to_bottom",
        "min_inclusive": {
          "above_bottom": 4
        },
        "max_inclusive": {
          "absolute": 40
        },
        "inner": 8
      }
    },
    {
      "type": "minecraft:environment_scan",
      "direction_of_search": "down",
      "max_steps": 1,
      "target_condition": {
        "type": "minecraft:matching_block_tag",
        "offset": [
          0,
          -1,
          0
        ],
        "tag": "nitdim:buried_ocean_seafloor"
      }
    },
    {
      "type": "minecraft:biome"
    }
  ]
}
