{
  "feature": "nitdim:buried_ocean/bubble_coral_floater",
  "placement": [
    {
      "type": "minecraft:count_on_every_layer",
      "count": 6
    },
    {
      "type": "minecraft:height_range",
      "height": {
        "type": "minecraft:uniform",
        "min_inclusive": {
          "above_bottom": 37
        },
        "max_inclusive": {
          "absolute": 42
        }
      }
    },
    {
      "type": "minecraft:in_square"
    },
    {
      "type": "minecraft:biome"
    }
  ]
}
