{
  "feature": "nitdim:buried_ocean/glow_lichen",
  "placement": [
    {
      "type": "minecraft:in_square"
    },
    {
      "type": "minecraft:height_range",
      "height": {
        "type": "minecraft:uniform",
        "min_inclusive": {
          "above_bottom": 6
        },
        "max_inclusive": {
          "below_top": 6
        }
      }
    },
    {
      "type": "minecraft:count",
      "count": {
        "type": "minecraft:uniform",
        "value": {
          "min_inclusive": 16,
          "max_inclusive": 24
        }
      }
    }
  ]
}
