{
  "feature": "nitdim:buried_ocean/light_layer",
  "placement": [
    {
      "type": "minecraft:count_on_every_layer",
      "count": 12
    },
    {
      "type": "minecraft:block_predicate_filter",
      "predicate": {
        "type": "minecraft:matching_blocks",
        "offset": [
          0,
          -1,
          0
        ],
        "blocks": [
          "minecraft:grass_block",
          "minecraft:mycelium",
          "minecraft:clay",
          "minecraft:moss_block"
        ]
      }
    },
    {
      "type": "minecraft:biome"
    }
  ]
}
