{
  "feature": {
    "type": "minecraft:random_selector",
    "config": {
      "features": [
        {
          "chance": 0.30,
          "feature": "nitdim:buried_ocean/mushroom_bubble_brown"
        }
      ],
      "default": "nitdim:buried_ocean/mushroom_bubble_red"
    }
  },
  "placement": [
    {
      "type": "minecraft:count",
      "count": 3
    },
    {
      "type": "minecraft:in_square"
    },
    {
      "type": "minecraft:height_range",
      "height": {
        "type": "minecraft:biased_to_bottom",
        "min_inclusive": {
          "above_bottom": 15
        },
        "max_inclusive": {
          "absolute": 40
        },
        "inner": 8
      }
    },
    {
      "type": "minecraft:block_predicate_filter",
      "predicate": {
        "type": "minecraft:matching_fluids",
        "offset": [
          0,
          0,
          0
        ],
        "fluids": [
          "minecraft:water"
        ]
      }
    },
    {
      "type": "minecraft:environment_scan",
      "direction_of_search": "down",
      "max_steps": 6,
      "target_condition": {
        "type": "minecraft:matching_block_tag",
        "offset": [
          0,
          -1,
          0
        ],
        "tag": "nitdim:buried_ocean_seafloor"
      }
    },
    {
      "type": "minecraft:biome"
    }
  ]
}
