{
  "feature": "nitdim:buried_ocean/ore_copper",
  "placement": [
    {
      "type": "minecraft:noise_based_count",
      "noise_to_count_ratio": 20,
      "noise_factor": 20
    },
    {
      "type": "minecraft:height_range",
      "height": {
        "type": "minecraft:uniform",
        "min_inclusive": {
          "absolute": 76
        },
        "max_inclusive": {
          "absolute": 124
        }
      }
    },
    {
      "type": "minecraft:in_square"
    },
    {
      "type": "minecraft:biome"
    }
  ]
}
