{
  "feature": "nitdim:buried_ocean/ore_andesite",
  "placement": [
    {
      "type": "minecraft:count",
      "count": 15
    },
    {
      "type": "minecraft:height_range",
      "height": {
        "type": "minecraft:uniform",
        "min_inclusive": {
          "above_bottom": 6
        },
        "max_inclusive": {
          "below_top": 6
        }
      }
    },
    {
      "type": "minecraft:in_square"
    },
    {
      "type": "minecraft:biome"
    }
  ]
}
