{
  "feature": "nitdim:buried_ocean/patch_amethyst",
  "placement": [
    {
      "type": "minecraft:count_on_every_layer",
      "count": 12
    },
    {
      "type": "minecraft:block_predicate_filter",
      "predicate": {
        "type": "minecraft:all_of",
        "predicates": [
          {
            "type": "minecraft:matching_blocks",
            "blocks": "minecraft:water"
          },
          {
            "type": "minecraft:matching_block_tag",
            "offset": [
              0,
              -1,
              0
            ],
            "tag": "nitdim:buried_ocean_seafloor"
          }
        ]
      }
    },
    {
      "type": "minecraft:in_square"
    },
    {
      "type": "minecraft:biome"
    }
  ]
}
