{
  "feature": "nitdim:buried_ocean/replacer_dripstone",
  "placement": [
    {
      "type": "minecraft:height_range",
      "height": {
        "type": "minecraft:uniform",
        "min_inclusive": {
          "above_bottom": 8
        },
        "max_inclusive": {
          "below_top": 8
        }
      }
    },
    {
      "type": "minecraft:count",
      "count": {
        "type": "minecraft:constant",
        "value": 5
      }
    },
    {
      "type": "minecraft:count_on_every_layer",
      "count": {
        "type": "minecraft:constant",
        "value": 256
      }
    },
    {
      "type": "minecraft:in_square"
    }
  ]
}
