{
  "feature": "nitdim:buried_ocean/stalactites_common",
  "placement": [
    {
      "type": "minecraft:count",
      "count": {
        "type": "minecraft:uniform",
        "value": {
          "min_inclusive": 12,
          "max_inclusive": 24
        }
      }
    },
    {
      "type": "minecraft:in_square"
    },
    {
      "type": "minecraft:height_range",
      "height": {
        "type": "minecraft:uniform",
        "min_inclusive": {
          "above_bottom": 16
        },
        "max_inclusive": {
          "below_top": 16
        }
      }
    },
    {
      "type": "minecraft:biome"
    }
  ]
}
