{
  "feature": "nitdim:buried_ocean/moss_patch",
  "placement": [
    {
      "type": "minecraft:count",
      "count": 1
    },
    {
      "type": "minecraft:in_square"
    },
    {
      "type": "minecraft:height_range",
      "height": {
        "type": "minecraft:uniform",
        "min_inclusive": {
          "above_bottom": 6
        },
        "max_inclusive": {
          "below_top": 6
        }
      }
    },
    {
      "direction_of_search": "down",
      "target_condition": {
        "type": "minecraft:solid"
      },
      "allowed_search_condition": {
        "blocks": [
          "minecraft:air"
        ],
        "type": "minecraft:matching_blocks"
      },
      "max_steps": 12,
      "type": "minecraft:environment_scan"
    },
    {
      "xz_spread": 0,
      "y_spread": 1,
      "type": "minecraft:random_offset"
    }
  ]
}
