{
  "feature": "nitdim:buried_ocean/verdant_tree_2",
  "placement": [
    {
      "type": "minecraft:count_on_every_layer",
      "count": 12
    },
    {
      "type": "minecraft:block_predicate_filter",
      "predicate": {
        "type": "minecraft:not",
        "predicate": {
          "type": "minecraft:matching_blocks",
          "offset": [
            0,
            0,
            0
          ],
          "blocks": [
            "minecraft:water"
          ]
        }
      }
    },
    {
      "type": "minecraft:block_predicate_filter",
      "predicate": {
        "type": "minecraft:matching_blocks",
        "offset": [
          0,
          -1,
          0
        ],
        "blocks": [
          "minecraft:grass_block",
          "minecraft:moss_block",
          "minecraft:clay"
        ]
      }
    },
    {
      "type": "minecraft:biome"
    }
  ]
}
