{
  "criteria": {
    "enter-portal": {
      "trigger": "minecraft:location",
      "conditions": {
        "player": [
          {
            "condition": "minecraft:entity_properties",
            "entity": "this",
            "predicate": {
              "location": {
                "dimension": "nitdim:in_between",
                "fluid": {
                  "fluid": "minecraft:flowing_water"
                }
              }
            }
          }
        ]
      }
    }
  },
  "rewards": {
    "function": "nitdim:portals/from_between"
  }
}