{
  "criteria": {
    "open-dropper": {
      "trigger": "minecraft:item_used_on_block",
      "conditions": {
        "location": [
          {
            "condition": "minecraft:match_tool",
            "predicate": {
              "items": [
                "minecraft:blaze_rod"
              ],
              "nbt": "{nitdim_keyHoglin:1b}"
            }
          },
          {
            "condition": "minecraft:location_check",
            "predicate": {
              "block": {
                "blocks": [
                  "minecraft:dispenser"
                ]
              }
            }
          }
        ]
      }
    }
  },
  "rewards": {
    "function": "nitdim:nazca/tomb_treasure"
  }
}