{
    "type": "minecraft:block_column",
    "config": {
      "direction": "up",
      "allowed_placement": {
        "type": "minecraft:true"
      },
      "prioritize_tip": false,
      "layers": [
        {
          "height": {
            "type": "minecraft:uniform",
            "value": {
              "min_inclusive": 3,
              "max_inclusive": 10
            }
          },
          "provider": {
            "type": "minecraft:simple_state_provider",
            "state": {
              "Name": "minecraft:dark_oak_log",
              "Properties": {
                "axis": "y"
              }
            }
          }
        }
      ]
    }
  }
  